Label (Grouping),Total,"    Less than $10,000","    $10,000 to $14,999","    $15,000 to $24,999","    $25,000 to $34,999","    $35,000 to $49,999","    $50,000 to $74,999","    $75,000 to $99,999","    $100,000 to $149,999","    $150,000 to $199,999","    $200,000 or more",Median income (dollars),Mean income (dollars),PERCENT ALLOCATED,    Household income in the past 12 months,    Family income in the past 12 months,    Nonfamily income in the past 12 months
California!!Households!!Estimate,"13,217,586",4.60%,3.60%,6.20%,6.70%,9.40%,14.70%,12.30%,17.50%,9.90%,15.10%,"84,097","119,149",,38.50%,(X),(X)
California!!Households!!Margin of Error,"±19,810",±0.1,±0.1,±0.1,±0.1,±0.1,±0.1,±0.1,±0.1,±0.1,±0.1,±236,±348,,(X),(X),(X)
California!!Families!!Estimate,"9,060,746",3.10%,1.80%,4.90%,5.90%,9.00%,14.50%,12.60%,18.90%,11.30%,17.90%,"95,971","132,761",,(X),39.90%,(X)
California!!Families!!Margin of Error,"±23,677",±0.1,±0.1,±0.1,±0.1,±0.1,±0.1,±0.1,±0.1,±0.1,±0.1,±370,±465,,(X),(X),(X)
California!!Married-couple families!!Estimate,"6,539,445",1.40%,1.00%,3.30%,4.30%,7.20%,13.00%,12.50%,20.80%,13.60%,22.80%,"115,013","154,358",,(X),(X),(X)
California!!Married-couple families!!Margin of Error,"±29,427",±0.1,±0.1,±0.1,±0.1,±0.1,±0.1,±0.1,±0.1,±0.1,±0.1,±444,±509,,(X),(X),(X)
California!!Nonfamily households!!Estimate,"4,156,840",9.30%,7.80%,10.10%,9.10%,10.80%,15.40%,10.90%,13.10%,6.00%,7.50%,"54,019","81,594",,(X),(X),33.20%
California!!Nonfamily households!!Margin of Error,"±13,235",±0.1,±0.1,±0.1,±0.1,±0.1,±0.1,±0.1,±0.2,±0.1,±0.1,±270,±417,,(X),(X),(X)
"Alameda County, California!!Households!!Estimate","581,683",4.00%,3.00%,4.70%,4.90%,6.60%,11.40%,10.60%,17.50%,12.70%,24.70%,"112,017","148,638",,32.80%,(X),(X)
"Alameda County, California!!Households!!Margin of Error","±1,880",±0.2,±0.2,±0.2,±0.2,±0.3,±0.3,±0.3,±0.3,±0.3,±0.3,"±1,043","±1,190",,(X),(X),(X)
"Alameda County, California!!Families!!Estimate","385,606",2.10%,1.20%,3.20%,3.80%,5.70%,10.50%,10.20%,18.20%,14.40%,30.70%,"134,985","171,879",,(X),34.00%,(X)
"Alameda County, California!!Families!!Margin of Error","±3,079",±0.2,±0.1,±0.2,±0.3,±0.3,±0.4,±0.4,±0.5,±0.4,±0.4,"±1,649","±1,620",,(X),(X),(X)
"Alameda County, California!!Married-couple families!!Estimate","292,488",1.00%,0.70%,2.00%,2.40%,4.40%,8.50%,9.10%,18.30%,16.10%,37.50%,"160,170","196,037",,(X),(X),(X)
"Alameda County, California!!Married-couple families!!Margin of Error","±3,362",±0.2,±0.1,±0.2,±0.3,±0.3,±0.4,±0.4,±0.6,±0.5,±0.5,"±1,539","±2,037",,(X),(X),(X)
"Alameda County, California!!Nonfamily households!!Estimate","196,077",8.20%,6.70%,8.00%,7.50%,8.70%,14.10%,11.30%,15.70%,8.80%,10.80%,"68,381","95,072",,(X),(X),28.70%
"Alameda County, California!!Nonfamily households!!Margin of Error","±2,805",±0.5,±0.4,±0.5,±0.5,±0.5,±0.6,±0.6,±0.5,±0.4,±0.4,"±1,907","±1,611",,(X),(X),(X)
"Alpine County, California!!Households!!Estimate",434,1.20%,0.90%,6.90%,12.00%,5.30%,17.50%,9.00%,24.90%,13.40%,9.00%,"96,000","114,903",,36.60%,(X),(X)
"Alpine County, California!!Households!!Margin of Error",±91,±1.4,±1.0,±4.0,±7.1,±3.1,±7.6,±6.2,±8.8,±7.9,±7.2,"±24,486","±18,674",,(X),(X),(X)
"Alpine County, California!!Families!!Estimate",286,0.70%,0.30%,5.20%,7.30%,4.20%,14.70%,13.60%,31.50%,11.90%,10.50%,"107,115","119,733",,(X),29.70%,(X)
"Alpine County, California!!Families!!Margin of Error",±77,±1.1,±0.9,±4.2,±6.4,±2.7,±7.4,±9.3,±12.6,±9.1,±9.7,"±22,317","±23,678",,(X),(X),(X)
"Alpine County, California!!Married-couple families!!Estimate",250,0.00%,0.00%,4.40%,4.80%,2.80%,13.60%,14.80%,34.80%,13.20%,11.60%,"115,556",N,,(X),(X),(X)
"Alpine County, California!!Married-couple families!!Margin of Error",±80,±14.7,±14.7,±4.5,±6.2,±3.1,±7.9,±9.8,±14.1,±9.8,±11.0,"±25,542",N,,(X),(X),(X)
"Alpine County, California!!Nonfamily households!!Estimate",148,2.00%,2.70%,10.80%,21.60%,5.40%,23.00%,0.00%,12.20%,16.20%,6.10%,"54,792","105,161",,(X),(X),48.60%
"Alpine County, California!!Nonfamily households!!Margin of Error",±53,±3.7,±2.9,±7.5,±17.7,±6.8,±16.1,±23.4,±12.3,±17.0,±7.0,"±30,535","±40,325",,(X),(X),(X)
"Amador County, California!!Households!!Estimate","15,394",5.00%,4.40%,7.10%,7.40%,12.60%,16.40%,14.10%,19.30%,6.80%,7.10%,"69,955","91,269",,40.30%,(X),(X)
"Amador County, California!!Households!!Margin of Error",±447,±1.7,±1.5,±1.5,±1.5,±2.2,±2.6,±2.3,±2.7,±1.6,±1.6,"±5,482","±5,945",,(X),(X),(X)
"Amador County, California!!Families!!Estimate","9,947",2.30%,0.70%,2.80%,4.30%,11.20%,18.50%,16.00%,25.50%,9.20%,9.50%,"90,176","111,443",,(X),39.40%,(X)
"Amador County, California!!Families!!Margin of Error",±514,±1.0,±0.4,±1.2,±1.5,±2.5,±3.1,±3.1,±3.8,±2.3,±2.2,"±6,148","±7,614",,(X),(X),(X)
"Amador County, California!!Married-couple families!!Estimate","7,772",1.10%,0.50%,2.00%,3.10%,9.30%,17.20%,15.20%,28.70%,10.90%,11.90%,"102,226",N,,(X),(X),(X)
"Amador County, California!!Married-couple families!!Margin of Error",±465,±0.7,±0.4,±1.1,±1.5,±2.3,±3.3,±3.1,±4.3,±2.7,±2.9,"±5,680",N,,(X),(X),(X)
"Amador County, California!!Nonfamily households!!Estimate","5,447",11.40%,11.10%,15.30%,13.90%,17.20%,11.60%,7.80%,7.40%,2.40%,1.60%,"33,041","49,848",,(X),(X),41.50%
"Amador County, California!!Nonfamily households!!Margin of Error",±458,±4.5,±3.8,±3.6,±3.9,±4.9,±3.6,±2.6,±3.2,±1.3,±1.0,"±5,123","±6,446",,(X),(X),(X)
"Butte County, California!!Households!!Estimate","85,292",6.00%,5.90%,9.50%,9.90%,11.70%,16.10%,12.10%,14.50%,6.80%,7.50%,"59,863","84,766",,39.40%,(X),(X)
"Butte County, California!!Households!!Margin of Error",±767,±0.6,±0.8,±0.8,±1.0,±0.7,±1.1,±0.8,±0.8,±0.8,±0.9,"±1,989","±2,871",,(X),(X),(X)
"Butte County, California!!Families!!Estimate","51,149",3.30%,3.30%,7.20%,8.30%,9.70%,17.10%,13.70%,18.10%,9.10%,10.30%,"76,651","102,395",,(X),39.50%,(X)
"Butte County, California!!Families!!Margin of Error","±1,128",±0.7,±1.0,±1.1,±1.0,±0.9,±1.2,±1.1,±1.2,±1.1,±1.4,"±2,728","±4,416",,(X),(X),(X)
"Butte County, California!!Married-couple families!!Estimate","35,714",1.30%,0.90%,3.80%,6.20%,8.00%,16.70%,15.80%,21.70%,11.80%,13.80%,"94,842","121,541",,(X),(X),(X)
"Butte County, California!!Married-couple families!!Margin of Error","±1,120",±0.6,±0.3,±0.8,±1.0,±1.0,±1.4,±1.2,±1.6,±1.5,±1.9,"±2,705","±5,563",,(X),(X),(X)
"Butte County, California!!Nonfamily households!!Estimate","34,143",11.20%,10.70%,14.40%,13.40%,14.10%,14.40%,8.60%,8.00%,2.60%,2.60%,"35,280","53,544",,(X),(X),37.10%
"Butte County, California!!Nonfamily households!!Margin of Error","±1,104",±1.2,±1.5,±1.4,±1.6,±1.3,±1.6,±1.4,±1.2,±0.6,±0.7,"±1,980","±2,788",,(X),(X),(X)
"Calaveras County, California!!Households!!Estimate","16,809",5.10%,3.80%,7.60%,7.30%,11.80%,17.10%,14.80%,15.70%,8.70%,8.20%,"70,119","89,521",,40.40%,(X),(X)
"Calaveras County, California!!Households!!Margin of Error",±529,±1.4,±1.4,±1.7,±1.3,±2.0,±2.4,±2.7,±2.1,±1.7,±1.8,"±6,448","±4,853",,(X),(X),(X)
"Calaveras County, California!!Families!!Estimate","12,307",3.90%,2.10%,5.10%,6.10%,12.80%,14.10%,17.20%,18.10%,11.20%,9.40%,"85,798","100,366",,(X),40.40%,(X)
"Calaveras County, California!!Families!!Margin of Error",±653,±1.6,±1.1,±1.6,±1.6,±2.8,±2.7,±3.6,±2.8,±2.3,±2.2,"±6,326","±5,924",,(X),(X),(X)
"Calaveras County, California!!Married-couple families!!Estimate","9,925",2.20%,1.20%,2.50%,4.60%,12.10%,14.00%,18.80%,21.60%,12.50%,10.40%,"91,136",N,,(X),(X),(X)
"Calaveras County, California!!Married-couple families!!Margin of Error",±633,±1.3,±1.0,±1.3,±1.4,±2.8,±3.2,±4.1,±3.3,±3.0,±2.4,"±6,926",N,,(X),(X),(X)
"Calaveras County, California!!Nonfamily households!!Estimate","4,502",8.40%,9.30%,14.80%,14.50%,10.80%,20.40%,9.20%,6.30%,1.70%,4.60%,"39,684","55,366",,(X),(X),37.30%
"Calaveras County, California!!Nonfamily households!!Margin of Error",±507,±3.3,±3.9,±4.0,±3.8,±3.7,±4.9,±2.7,±2.6,±1.3,±2.7,"±6,404","±6,490",,(X),(X),(X)
"Colusa County, California!!Households!!Estimate","7,303",6.20%,4.80%,11.90%,7.90%,13.70%,15.30%,13.90%,14.60%,5.00%,6.80%,"61,861","80,856",,32.20%,(X),(X)
"Colusa County, California!!Households!!Margin of Error",±146,±1.9,±2.0,±2.8,±2.1,±2.8,±2.6,±2.9,±3.2,±1.6,±2.1,"±6,540","±6,316",,(X),(X),(X)
"Colusa County, California!!Families!!Estimate","4,960",3.60%,2.20%,7.20%,8.30%,12.00%,17.10%,16.10%,17.90%,6.90%,8.60%,"74,668","95,830",,(X),34.30%,(X)
"Colusa County, California!!Families!!Margin of Error",±268,±1.7,±1.3,±2.2,±2.9,±2.7,±3.4,±3.2,±4.1,±2.3,±3.0,"±4,222","±7,888",,(X),(X),(X)
"Colusa County, California!!Married-couple families!!Estimate","3,817",0.80%,1.00%,6.10%,4.60%,11.20%,17.30%,18.20%,20.60%,9.00%,11.10%,"86,222",N,,(X),(X),(X)
"Colusa County, California!!Married-couple families!!Margin of Error",±290,±0.8,±1.1,±2.6,±2.5,±3.0,±3.4,±4.1,±4.6,±3.1,±3.8,"±4,306",N,,(X),(X),(X)
"Colusa County, California!!Nonfamily households!!Estimate","2,343",11.70%,11.00%,24.50%,7.60%,15.60%,11.60%,7.80%,8.50%,0.60%,1.30%,"29,846","44,640",,(X),(X),26.70%
"Colusa County, California!!Nonfamily households!!Margin of Error",±287,±5.2,±5.6,±6.8,±3.6,±6.9,±3.7,±3.7,±5.3,±0.6,±1.1,"±8,344","±6,492",,(X),(X),(X)
"Contra Costa County, California!!Households!!Estimate","405,106",3.50%,2.50%,3.90%,4.70%,6.90%,12.20%,11.30%,19.00%,12.80%,23.10%,"110,455","151,026",,37.00%,(X),(X)
"Contra Costa County, California!!Households!!Margin of Error","±1,075",±0.3,±0.2,±0.3,±0.3,±0.3,±0.4,±0.4,±0.5,±0.5,±0.4,"±1,219","±1,722",,(X),(X),(X)
"Contra Costa County, California!!Families!!Estimate","291,088",2.50%,1.30%,2.70%,3.80%,5.80%,11.40%,11.10%,19.80%,14.10%,27.50%,"127,279","168,639",,(X),37.70%,(X)
"Contra Costa County, California!!Families!!Margin of Error","±2,824",±0.3,±0.2,±0.3,±0.4,±0.4,±0.5,±0.5,±0.6,±0.5,±0.6,"±1,759","±2,008",,(X),(X),(X)
"Contra Costa County, California!!Married-couple families!!Estimate","221,647",1.00%,0.80%,1.60%,2.60%,4.30%,9.20%,10.10%,20.60%,15.90%,33.90%,"149,431","193,093",,(X),(X),(X)
"Contra Costa County, California!!Married-couple families!!Margin of Error","±2,471",±0.2,±0.2,±0.2,±0.4,±0.3,±0.5,±0.5,±0.8,±0.6,±0.7,"±2,142","±2,367",,(X),(X),(X)
"Contra Costa County, California!!Nonfamily households!!Estimate","114,018",7.30%,6.00%,7.40%,7.80%,10.20%,15.80%,12.20%,15.50%,8.60%,9.30%,"66,644","96,517",,(X),(X),32.20%
"Contra Costa County, California!!Nonfamily households!!Margin of Error","±2,615",±0.6,±0.6,±0.7,±0.6,±0.7,±0.9,±0.8,±0.9,±0.9,±0.7,"±1,802","±4,153",,(X),(X),(X)
"Del Norte County, California!!Households!!Estimate","9,531",5.40%,8.40%,9.60%,8.90%,14.50%,18.10%,12.50%,15.60%,3.40%,3.60%,"53,280","69,915",,42.40%,(X),(X)
"Del Norte County, California!!Households!!Margin of Error",±284,±1.8,±2.4,±2.3,±1.9,±2.9,±2.8,±2.6,±3.4,±1.1,±1.8,"±5,046","±5,035",,(X),(X),(X)
"Del Norte County, California!!Families!!Estimate","6,225",4.40%,4.00%,8.70%,7.30%,13.90%,20.50%,13.80%,18.40%,4.50%,4.60%,"64,156","78,735",,(X),47.50%,(X)
"Del Norte County, California!!Families!!Margin of Error",±391,±2.6,±1.9,±3.0,±2.4,±3.0,±3.6,±3.7,±4.5,±1.6,±2.4,"±4,869","±6,503",,(X),(X),(X)
"Del Norte County, California!!Married-couple families!!Estimate","4,297",4.00%,2.10%,4.40%,5.70%,11.70%,18.00%,16.80%,24.50%,6.50%,6.40%,"82,078",N,,(X),(X),(X)
"Del Norte County, California!!Married-couple families!!Margin of Error",±408,±3.2,±1.2,±2.8,±2.7,±3.4,±4.0,±5.0,±6.2,±2.3,±3.5,"±9,226",N,,(X),(X),(X)
"Del Norte County, California!!Nonfamily households!!Estimate","3,306",9.00%,17.70%,14.00%,10.90%,15.00%,13.20%,8.80%,8.20%,1.50%,1.60%,"32,923","49,226",,(X),(X),32.10%
"Del Norte County, California!!Nonfamily households!!Margin of Error",±367,±3.1,±5.3,±4.1,±4.0,±5.0,±4.2,±3.9,±3.6,±1.2,±2.1,"±6,838","±7,870",,(X),(X),(X)
"El Dorado County, California!!Households!!Estimate","74,535",3.90%,3.00%,6.50%,6.10%,8.00%,14.70%,12.40%,18.80%,10.20%,16.30%,"88,770","123,342",,36.10%,(X),(X)
"El Dorado County, California!!Households!!Margin of Error",±913,±0.6,±0.5,±0.9,±0.9,±0.9,±1.1,±0.9,±1.1,±0.9,±0.9,"±3,114","±3,581",,(X),(X),(X)
"El Dorado County, California!!Families!!Estimate","51,900",2.20%,1.20%,3.20%,4.50%,6.50%,13.20%,13.20%,22.20%,13.20%,20.70%,"112,624","145,694",,(X),36.30%,(X)
"El Dorado County, California!!Families!!Margin of Error","±1,343",±0.4,±0.3,±0.6,±1.0,±0.9,±1.3,±1.1,±1.4,±1.3,±1.3,"±2,966","±4,883",,(X),(X),(X)
"El Dorado County, California!!Married-couple families!!Estimate","43,122",1.40%,0.80%,2.30%,3.20%,5.50%,12.20%,13.10%,23.50%,14.70%,23.40%,"122,545","157,059",,(X),(X),(X)
"El Dorado County, California!!Married-couple families!!Margin of Error","±1,206",±0.3,±0.3,±0.6,±1.0,±0.8,±1.4,±1.1,±1.6,±1.5,±1.4,"±3,222","±5,347",,(X),(X),(X)
"El Dorado County, California!!Nonfamily households!!Estimate","22,635",8.40%,7.30%,14.60%,10.60%,12.70%,17.40%,10.10%,11.00%,2.60%,5.40%,"45,205","66,831",,(X),(X),34.30%
"El Dorado County, California!!Nonfamily households!!Margin of Error","±1,202",±1.6,±1.4,±2.1,±1.7,±1.8,±1.9,±1.5,±1.6,±0.8,±1.2,"±3,206","±4,010",,(X),(X),(X)
"Fresno County, California!!Households!!Estimate","314,421",6.50%,4.80%,9.30%,9.40%,12.10%,16.80%,12.10%,15.20%,7.10%,6.70%,"61,276","83,892",,43.30%,(X),(X)
"Fresno County, California!!Households!!Margin of Error",±970,±0.4,±0.3,±0.4,±0.5,±0.4,±0.5,±0.5,±0.5,±0.4,±0.4,"±1,031","±1,312",,(X),(X),(X)
"Fresno County, California!!Families!!Estimate","226,632",5.30%,3.10%,7.80%,8.90%,12.30%,16.90%,12.90%,16.40%,8.40%,8.10%,"68,681","92,454",,(X),44.40%,(X)
"Fresno County, California!!Families!!Margin of Error","±2,284",±0.4,±0.3,±0.5,±0.5,±0.6,±0.6,±0.5,±0.5,±0.5,±0.5,"±1,264","±1,520",,(X),(X),(X)
"Fresno County, California!!Married-couple families!!Estimate","147,839",2.20%,1.60%,5.20%,6.90%,10.30%,16.40%,14.50%,20.10%,11.50%,11.40%,"86,547","111,854",,(X),(X),(X)
"Fresno County, California!!Married-couple families!!Margin of Error","±2,223",±0.4,±0.2,±0.5,±0.5,±0.6,±0.8,±0.7,±0.7,±0.6,±0.7,"±1,787","±2,250",,(X),(X),(X)
"Fresno County, California!!Nonfamily households!!Estimate","87,789",12.80%,10.30%,14.40%,11.30%,12.50%,15.40%,9.10%,9.10%,2.60%,2.40%,"36,418","53,914",,(X),(X),36.60%
"Fresno County, California!!Nonfamily households!!Margin of Error","±2,243",±1.1,±0.9,±1.1,±1.0,±0.8,±0.9,±0.8,±1.0,±0.5,±0.4,"±1,518","±1,778",,(X),(X),(X)
"Glenn County, California!!Households!!Estimate","9,753",6.20%,6.00%,9.40%,8.20%,15.00%,19.00%,12.00%,16.70%,4.30%,3.30%,"56,332","70,801",,33.80%,(X),(X)
"Glenn County, California!!Households!!Margin of Error",±267,±1.6,±2.1,±2.3,±2.2,±3.0,±2.9,±2.3,±3.0,±1.5,±0.9,"±4,619","±3,515",,(X),(X),(X)
"Glenn County, California!!Families!!Estimate","7,031",4.30%,4.00%,4.10%,7.20%,16.50%,18.20%,14.70%,22.20%,4.70%,4.10%,"69,308","81,583",,(X),35.40%,(X)
"Glenn County, California!!Families!!Margin of Error",±399,±1.8,±2.3,±1.7,±2.5,±4.1,±3.1,±3.0,±4.0,±1.6,±1.1,"±6,129","±4,060",,(X),(X),(X)
"Glenn County, California!!Married-couple families!!Estimate","5,438",1.20%,2.70%,3.60%,7.00%,14.00%,16.70%,17.20%,26.70%,5.50%,5.30%,"81,609",N,,(X),(X),(X)
"Glenn County, California!!Married-couple families!!Margin of Error",±418,±1.1,±1.5,±1.9,±3.1,±4.0,±3.4,±3.7,±4.9,±2.1,±1.5,"±6,555",N,,(X),(X),(X)
"Glenn County, California!!Nonfamily households!!Estimate","2,722",12.90%,9.40%,23.20%,13.30%,11.20%,18.60%,5.50%,3.20%,1.70%,1.10%,"27,075","40,706",,(X),(X),29.70%
"Glenn County, California!!Nonfamily households!!Margin of Error",±400,±3.5,±3.8,±6.0,±4.7,±4.4,±6.3,±3.1,±1.9,±1.5,±1.1,"±3,656","±4,829",,(X),(X),(X)
"Humboldt County, California!!Households!!Estimate","53,729",6.60%,7.20%,9.70%,11.90%,12.00%,16.70%,11.90%,13.00%,5.40%,5.60%,"53,350","75,434",,38.70%,(X),(X)
"Humboldt County, California!!Households!!Margin of Error",±684,±0.9,±0.9,±1.0,±1.2,±1.0,±1.4,±1.0,±1.1,±0.7,±0.8,"±2,424","±2,654",,(X),(X),(X)
"Humboldt County, California!!Families!!Estimate","29,166",3.50%,3.00%,7.00%,8.20%,10.70%,19.10%,14.70%,18.20%,7.40%,8.40%,"73,559","95,779",,(X),39.10%,(X)
"Humboldt County, California!!Families!!Margin of Error",±873,±0.7,±0.8,±1.2,±1.3,±1.4,±2.1,±1.5,±1.7,±1.1,±1.3,"±2,450","±4,490",,(X),(X),(X)
"Humboldt County, California!!Married-couple families!!Estimate","20,273",1.40%,1.80%,3.10%,5.30%,8.90%,20.20%,17.00%,21.90%,9.50%,10.90%,"86,583","113,085",,(X),(X),(X)
"Humboldt County, California!!Married-couple families!!Margin of Error",±788,±0.6,±0.8,±0.8,±1.2,±1.5,±2.4,±2.0,±2.2,±1.5,±1.7,"±4,284","±5,800",,(X),(X),(X)
"Humboldt County, California!!Nonfamily households!!Estimate","24,563",11.50%,12.70%,13.60%,16.70%,13.40%,14.20%,7.90%,5.70%,2.40%,2.00%,"31,381","47,934",,(X),(X),36.60%
"Humboldt County, California!!Nonfamily households!!Margin of Error",±961,±1.7,±1.6,±1.8,±2.1,±1.6,±1.9,±1.3,±1.0,±0.7,±0.7,"±1,483","±2,773",,(X),(X),(X)
"Imperial County, California!!Households!!Estimate","45,541",7.40%,7.20%,13.20%,9.00%,13.90%,14.50%,12.10%,15.40%,3.60%,3.60%,"49,078","66,973",,42.60%,(X),(X)
"Imperial County, California!!Households!!Margin of Error",±790,±1.1,±1.2,±1.7,±1.2,±1.4,±1.4,±1.5,±1.6,±0.7,±0.6,"±2,530","±2,373",,(X),(X),(X)
"Imperial County, California!!Families!!Estimate","33,806",6.00%,4.10%,11.60%,9.20%,14.10%,15.00%,13.50%,17.50%,4.40%,4.50%,"56,301","74,390",,(X),43.40%,(X)
"Imperial County, California!!Families!!Margin of Error",±970,±1.1,±0.8,±1.7,±1.4,±1.4,±1.4,±1.7,±1.9,±0.9,±0.8,"±3,719","±2,474",,(X),(X),(X)
"Imperial County, California!!Married-couple families!!Estimate","21,625",2.00%,1.80%,7.90%,8.60%,13.70%,15.90%,14.10%,23.10%,6.20%,6.60%,"75,083","89,610",,(X),(X),(X)
"Imperial County, California!!Married-couple families!!Margin of Error",±947,±0.7,±0.8,±1.5,±1.8,±2.0,±1.9,±2.1,±2.8,±1.3,±1.2,"±5,082","±3,641",,(X),(X),(X)
"Imperial County, California!!Nonfamily households!!Estimate","11,735",13.30%,17.20%,20.10%,8.40%,12.80%,12.30%,8.00%,6.80%,0.60%,0.50%,"24,181","39,545",,(X),(X),36.60%
"Imperial County, California!!Nonfamily households!!Margin of Error","±1,015",±3.1,±3.9,±4.1,±2.3,±2.7,±2.9,±2.5,±2.0,±0.4,±0.4,"±5,233","±3,118",,(X),(X),(X)
"Inyo County, California!!Households!!Estimate","7,832",4.90%,4.60%,9.20%,9.90%,13.40%,19.90%,12.80%,13.80%,7.00%,4.40%,"60,925","78,816",,32.40%,(X),(X)
"Inyo County, California!!Households!!Margin of Error",±277,±1.6,±1.3,±2.0,±2.1,±2.4,±3.2,±2.4,±2.7,±2.4,±1.1,"±5,516","±5,912",,(X),(X),(X)
"Inyo County, California!!Families!!Estimate","4,394",4.20%,2.20%,3.80%,9.10%,10.70%,19.80%,14.60%,17.00%,12.10%,6.60%,"76,111","98,655",,(X),33.60%,(X)
"Inyo County, California!!Families!!Margin of Error",±255,±2.1,±1.5,±1.6,±3.0,±2.7,±4.3,±2.9,±3.2,±4.0,±1.8,"±6,023","±9,354",,(X),(X),(X)
"Inyo County, California!!Married-couple families!!Estimate","3,332",2.00%,2.60%,2.70%,7.50%,7.10%,16.70%,17.10%,19.60%,15.80%,8.70%,"91,870",N,,(X),(X),(X)
"Inyo County, California!!Married-couple families!!Margin of Error",±275,±1.7,±2.0,±1.3,±3.3,±2.5,±4.7,±3.9,±4.2,±4.9,±2.3,"±7,227",N,,(X),(X),(X)
"Inyo County, California!!Nonfamily households!!Estimate","3,438",6.50%,7.80%,16.80%,10.90%,16.80%,19.80%,10.70%,8.70%,0.40%,1.70%,"40,150","51,991",,(X),(X),30.00%
"Inyo County, California!!Nonfamily households!!Margin of Error",±320,±2.7,±2.2,±4.2,±3.1,±4.5,±5.5,±4.0,±3.8,±0.5,±1.1,"±7,721","±4,656",,(X),(X),(X)
"Kern County, California!!Households!!Estimate","274,705",5.90%,5.50%,9.00%,10.20%,12.60%,16.90%,12.90%,14.50%,6.70%,5.80%,"58,824","80,195",,33.30%,(X),(X)
"Kern County, California!!Households!!Margin of Error","±1,373",±0.4,±0.4,±0.5,±0.6,±0.5,±0.6,±0.7,±0.6,±0.5,±0.4,"±1,190","±1,296",,(X),(X),(X)
"Kern County, California!!Families!!Estimate","203,732",4.90%,3.40%,7.70%,9.80%,13.10%,17.70%,13.20%,15.60%,7.90%,6.70%,"64,828","87,160",,(X),34.30%,(X)
"Kern County, California!!Families!!Margin of Error","±1,893",±0.5,±0.4,±0.6,±0.7,±0.6,±0.8,±0.7,±0.7,±0.6,±0.5,"±1,310","±1,682",,(X),(X),(X)
"Kern County, California!!Married-couple families!!Estimate","138,442",1.80%,1.60%,5.10%,7.60%,12.10%,17.60%,15.20%,19.10%,10.60%,9.20%,"81,405","103,645",,(X),(X),(X)
"Kern County, California!!Married-couple families!!Margin of Error","±2,110",±0.4,±0.3,±0.7,±0.6,±0.7,±1.0,±1.0,±0.9,±0.8,±0.6,"±2,165","±2,074",,(X),(X),(X)
"Kern County, California!!Nonfamily households!!Estimate","70,973",12.10%,12.50%,14.40%,12.60%,12.20%,14.00%,9.30%,8.70%,2.10%,2.00%,"33,442","50,891",,(X),(X),27.40%
"Kern County, California!!Nonfamily households!!Margin of Error","±1,894",±1.2,±1.1,±1.2,±1.1,±0.9,±1.2,±1.0,±1.0,±0.5,±0.5,"±1,530","±1,954",,(X),(X),(X)
"Kings County, California!!Households!!Estimate","43,286",5.30%,2.90%,8.30%,8.80%,13.20%,19.40%,15.10%,15.40%,7.20%,4.20%,"63,267","77,920",,45.80%,(X),(X)
"Kings County, California!!Households!!Margin of Error",±495,±1.0,±0.6,±1.3,±1.1,±1.6,±1.6,±1.5,±1.5,±0.9,±0.8,"±1,900","±2,151",,(X),(X),(X)
"Kings County, California!!Families!!Estimate","33,975",5.00%,2.00%,7.50%,9.60%,12.00%,20.00%,15.60%,16.00%,7.60%,4.70%,"65,338","80,467",,(X),46.60%,(X)
"Kings County, California!!Families!!Margin of Error",±761,±1.0,±0.6,±1.3,±1.3,±1.8,±2.1,±1.7,±1.7,±1.0,±0.9,"±2,481","±2,546",,(X),(X),(X)
"Kings County, California!!Married-couple families!!Estimate","22,834",1.30%,1.30%,4.30%,6.40%,10.90%,21.20%,17.90%,20.00%,10.30%,6.40%,"80,296","94,843",,(X),(X),(X)
"Kings County, California!!Married-couple families!!Margin of Error",±860,±0.6,±0.7,±1.1,±1.3,±2.2,±2.7,±2.0,±2.3,±1.4,±1.2,"±2,454","±3,015",,(X),(X),(X)
"Kings County, California!!Nonfamily households!!Estimate","9,311",9.60%,6.60%,13.50%,10.50%,15.90%,16.40%,12.30%,9.60%,3.90%,1.90%,"42,786","59,057",,(X),(X),37.30%
"Kings County, California!!Nonfamily households!!Margin of Error",±738,±3.1,±1.7,±2.8,±2.2,±3.4,±2.7,±2.7,±2.1,±1.6,±1.0,"±4,570","±5,257",,(X),(X),(X)
"Lake County, California!!Households!!Estimate","26,307",6.00%,6.20%,10.00%,10.20%,13.20%,17.70%,11.70%,13.80%,5.20%,6.00%,"53,399","80,886",,42.90%,(X),(X)
"Lake County, California!!Households!!Margin of Error",±542,±1.1,±1.2,±1.5,±1.6,±1.8,±2.2,±1.5,±1.5,±1.3,±1.4,"±2,483","±6,143",,(X),(X),(X)
"Lake County, California!!Families!!Estimate","16,033",4.70%,2.70%,6.40%,9.30%,11.10%,17.30%,14.90%,18.30%,7.30%,7.90%,"72,279","94,755",,(X),43.10%,(X)
"Lake County, California!!Families!!Margin of Error",±712,±1.3,±1.0,±1.5,±2.3,±2.0,±2.4,±2.2,±2.3,±1.9,±2.1,"±3,804","±6,507",,(X),(X),(X)
"Lake County, California!!Married-couple families!!Estimate","11,469",1.30%,1.70%,3.50%,7.10%,10.60%,19.00%,16.50%,22.20%,8.00%,10.20%,"82,254",N,,(X),(X),(X)
"Lake County, California!!Married-couple families!!Margin of Error",±627,±0.7,±0.8,±1.2,±2.2,±2.3,±2.9,±2.6,±3.0,±2.1,±2.9,"±2,872",N,,(X),(X),(X)
"Lake County, California!!Nonfamily households!!Estimate","10,274",10.60%,12.10%,16.40%,12.80%,14.60%,16.80%,6.20%,6.90%,1.10%,2.40%,"32,370","54,570",,(X),(X),39.60%
"Lake County, California!!Nonfamily households!!Margin of Error",±636,±2.6,±2.3,±3.1,±2.8,±3.2,±4.0,±2.1,±2.1,±0.9,±1.8,"±4,546","±11,576",,(X),(X),(X)
"Lassen County, California!!Households!!Estimate","8,910",5.10%,3.70%,8.50%,10.00%,14.10%,19.90%,14.40%,16.20%,4.90%,3.10%,"59,292","73,074",,39.70%,(X),(X)
"Lassen County, California!!Households!!Margin of Error",±386,±1.4,±1.1,±1.8,±2.9,±2.2,±3.1,±2.6,±2.3,±1.4,±0.9,"±5,190","±3,711",,(X),(X),(X)
"Lassen County, California!!Families!!Estimate","6,178",3.80%,1.70%,6.50%,8.50%,13.30%,20.80%,16.40%,18.50%,6.30%,4.00%,"68,174","81,952",,(X),39.80%,(X)
"Lassen County, California!!Families!!Margin of Error",±312,±1.7,±0.9,±1.8,±3.9,±2.8,±4.0,±3.1,±3.0,±1.8,±1.3,"±4,621","±4,247",,(X),(X),(X)
"Lassen County, California!!Married-couple families!!Estimate","4,692",1.90%,1.00%,4.20%,9.20%,11.10%,19.70%,16.90%,23.50%,7.80%,4.60%,"78,457",N,,(X),(X),(X)
"Lassen County, California!!Married-couple families!!Margin of Error",±341,±1.4,±0.7,±1.6,±4.8,±2.8,±4.0,±3.7,±3.7,±2.3,±1.6,"±5,042",N,,(X),(X),(X)
"Lassen County, California!!Nonfamily households!!Estimate","2,732",9.40%,8.00%,15.40%,13.10%,16.90%,18.70%,9.40%,7.50%,1.10%,0.70%,"37,316","47,294",,(X),(X),37.10%
"Lassen County, California!!Nonfamily households!!Margin of Error",±292,±2.8,±3.3,±4.2,±3.7,±4.1,±4.1,±3.6,±2.8,±1.1,±0.7,"±4,796","±4,020",,(X),(X),(X)
"Los Angeles County, California!!Households!!Estimate","3,342,811",5.40%,4.30%,7.00%,7.20%,10.00%,15.40%,12.40%,16.80%,9.00%,12.50%,"76,367","109,499",,40.60%,(X),(X)
"Los Angeles County, California!!Households!!Margin of Error","±5,387",±0.1,±0.1,±0.1,±0.1,±0.2,±0.1,±0.1,±0.1,±0.1,±0.1,±411,±553,,(X),(X),(X)
"Los Angeles County, California!!Families!!Estimate","2,216,821",3.40%,2.10%,6.10%,6.90%,10.00%,15.60%,12.70%,18.20%,10.10%,14.90%,"85,834","121,953",,(X),42.90%,(X)
"Los Angeles County, California!!Families!!Margin of Error","±7,895",±0.1,±0.1,±0.1,±0.1,±0.2,±0.2,±0.2,±0.2,±0.2,±0.2,±571,±742,,(X),(X),(X)
"Los Angeles County, California!!Married-couple families!!Estimate","1,490,020",1.70%,1.20%,4.60%,5.10%,8.10%,14.00%,12.70%,20.20%,12.50%,19.90%,"105,296","144,420",,(X),(X),(X)
"Los Angeles County, California!!Married-couple families!!Margin of Error","±7,954",±0.1,±0.1,±0.1,±0.1,±0.2,±0.2,±0.2,±0.2,±0.2,±0.2,±651,±904,,(X),(X),(X)
"Los Angeles County, California!!Nonfamily households!!Estimate","1,125,990",10.50%,9.00%,9.70%,8.60%,10.60%,15.10%,11.20%,12.90%,5.70%,6.60%,"52,364","77,971",,(X),(X),33.70%
"Los Angeles County, California!!Nonfamily households!!Margin of Error","±6,016",±0.3,±0.2,±0.3,±0.2,±0.3,±0.3,±0.2,±0.3,±0.2,±0.2,±512,±624,,(X),(X),(X)
"Madera County, California!!Households!!Estimate","43,578",5.40%,3.60%,7.80%,8.90%,12.60%,18.50%,14.50%,16.50%,6.40%,5.80%,"66,709","83,780",,42.10%,(X),(X)
"Madera County, California!!Households!!Margin of Error",±647,±1.0,±0.7,±1.1,±1.3,±1.4,±1.5,±1.5,±1.4,±0.9,±0.9,"±2,541","±2,981",,(X),(X),(X)
"Madera County, California!!Families!!Estimate","34,345",4.20%,2.20%,6.30%,9.00%,13.00%,18.90%,15.60%,17.20%,7.30%,6.30%,"70,576","88,444",,(X),42.70%,(X)
"Madera County, California!!Families!!Margin of Error",±902,±1.0,±0.6,±1.0,±1.6,±1.7,±1.8,±1.9,±1.6,±1.0,±1.2,"±3,470","±3,358",,(X),(X),(X)
"Madera County, California!!Married-couple families!!Estimate","24,913",2.20%,1.60%,4.50%,6.50%,12.20%,19.10%,17.40%,19.30%,8.90%,8.30%,"79,490","99,604",,(X),(X),(X)
"Madera County, California!!Married-couple families!!Margin of Error","±1,346",±0.7,±0.6,±1.1,±1.2,±1.8,±1.9,±2.3,±1.9,±1.3,±1.5,"±2,731","±3,996",,(X),(X),(X)
"Madera County, California!!Nonfamily households!!Estimate","9,233",12.50%,10.30%,15.80%,11.10%,13.70%,14.50%,7.90%,8.10%,3.20%,2.90%,"35,363","55,759",,(X),(X),35.20%
"Madera County, California!!Nonfamily households!!Margin of Error",±854,±3.4,±2.7,±3.6,±2.6,±3.1,±3.3,±1.9,±2.2,±1.3,±1.3,"±4,656","±5,054",,(X),(X),(X)
"Marin County, California!!Households!!Estimate","103,751",3.10%,2.20%,4.20%,4.10%,6.20%,10.50%,9.40%,16.20%,12.00%,32.10%,"131,008","195,569",,36.10%,(X),(X)
"Marin County, California!!Households!!Margin of Error",±697,±0.5,±0.4,±0.4,±0.4,±0.6,±0.9,±0.7,±0.8,±0.8,±1.1,"±4,163","±5,165",,(X),(X),(X)
"Marin County, California!!Families!!Estimate","65,764",1.70%,1.00%,2.20%,2.80%,4.30%,7.70%,8.10%,16.30%,13.80%,42.30%,"170,253","240,617",,(X),36.40%,(X)
"Marin County, California!!Families!!Margin of Error","±1,292",±0.4,±0.4,±0.4,±0.5,±0.6,±0.9,±0.8,±1.1,±0.9,±1.3,"±4,653","±6,634",,(X),(X),(X)
"Marin County, California!!Married-couple families!!Estimate","53,367",0.90%,0.50%,1.10%,2.00%,2.90%,6.40%,7.10%,16.30%,14.30%,48.40%,"194,654","268,273",,(X),(X),(X)
"Marin County, California!!Married-couple families!!Margin of Error","±1,364",±0.3,±0.3,±0.3,±0.5,±0.5,±0.9,±0.8,±1.2,±1.1,±1.5,"±5,609","±7,637",,(X),(X),(X)
"Marin County, California!!Nonfamily households!!Estimate","37,987",6.10%,4.60%,8.30%,6.80%,10.00%,15.50%,11.70%,15.40%,9.30%,12.30%,"72,074","110,087",,(X),(X),33.80%
"Marin County, California!!Nonfamily households!!Margin of Error","±1,319",±1.2,±0.8,±0.9,±0.9,±1.1,±1.7,±1.2,±1.2,±1.3,±1.5,"±3,854","±5,961",,(X),(X),(X)
"Mariposa County, California!!Households!!Estimate","7,588",5.40%,5.20%,10.40%,13.80%,12.70%,18.00%,11.50%,12.00%,7.30%,3.50%,"53,304","70,052",,32.20%,(X),(X)
"Mariposa County, California!!Households!!Margin of Error",±335,±1.7,±2.3,±2.4,±3.4,±2.2,±3.7,±2.8,±2.2,±2.1,±1.4,"±4,026","±4,324",,(X),(X),(X)
"Mariposa County, California!!Families!!Estimate","4,457",4.90%,0.50%,3.20%,13.70%,10.90%,22.60%,12.90%,16.00%,10.10%,5.10%,"63,467","85,416",,(X),35.70%,(X)
"Mariposa County, California!!Families!!Margin of Error",±338,±2.3,±0.5,±1.2,±4.8,±3.0,±5.3,±3.8,±3.4,±3.0,±2.4,"±8,327","±6,381",,(X),(X),(X)
"Mariposa County, California!!Married-couple families!!Estimate","3,341",2.20%,0.50%,2.50%,12.80%,11.00%,19.20%,14.00%,19.30%,12.60%,5.80%,"79,073",N,,(X),(X),(X)
"Mariposa County, California!!Married-couple families!!Margin of Error",±315,±1.6,±0.6,±1.3,±5.5,±3.6,±5.4,±4.0,±4.2,±3.9,±2.9,"±12,058",N,,(X),(X),(X)
"Mariposa County, California!!Nonfamily households!!Estimate","3,131",7.50%,11.80%,20.30%,14.40%,15.30%,11.80%,9.80%,5.70%,2.10%,1.30%,"30,590","45,786",,(X),(X),26.70%
"Mariposa County, California!!Nonfamily households!!Margin of Error",±395,±3.7,±5.2,±5.6,±4.0,±4.4,±4.3,±4.1,±2.5,±2.2,±1.4,"±5,581","±5,519",,(X),(X),(X)
"Mendocino County, California!!Households!!Estimate","34,183",5.20%,6.60%,9.60%,9.70%,13.40%,17.80%,10.70%,15.50%,6.10%,5.40%,"56,378","78,750",,39.90%,(X),(X)
"Mendocino County, California!!Households!!Margin of Error",±558,±1.1,±1.1,±1.2,±1.1,±1.5,±1.7,±1.3,±1.4,±1.0,±0.8,"±1,858","±3,092",,(X),(X),(X)
"Mendocino County, California!!Families!!Estimate","20,772",3.80%,2.80%,7.10%,7.80%,13.00%,17.40%,13.40%,19.00%,8.30%,7.40%,"71,627","92,927",,(X),40.50%,(X)
"Mendocino County, California!!Families!!Margin of Error",±734,±1.1,±0.9,±1.5,±1.6,±1.9,±1.9,±1.9,±2.0,±1.5,±1.2,"±4,046","±4,150",,(X),(X),(X)
"Mendocino County, California!!Married-couple families!!Estimate","14,508",1.20%,1.60%,2.80%,5.70%,11.00%,18.20%,15.10%,24.10%,10.70%,9.50%,"87,810","109,888",,(X),(X),(X)
"Mendocino County, California!!Married-couple families!!Margin of Error",±658,±0.9,±0.8,±0.8,±1.6,±2.1,±2.3,±2.6,±2.6,±2.0,±1.7,"±4,376","±5,507",,(X),(X),(X)
"Mendocino County, California!!Nonfamily households!!Estimate","13,411",8.60%,13.50%,15.20%,13.70%,13.50%,16.60%,6.30%,8.10%,2.50%,2.00%,"34,065","52,315",,(X),(X),36.30%
"Mendocino County, California!!Nonfamily households!!Margin of Error",±705,±2.1,±2.8,±2.4,±2.2,±2.2,±2.6,±1.5,±1.8,±1.5,±0.9,"±4,037","±4,888",,(X),(X),(X)
"Merced County, California!!Households!!Estimate","81,618",5.80%,4.90%,8.90%,9.40%,13.70%,19.20%,13.10%,14.70%,5.20%,5.10%,"58,861","79,592",,45.60%,(X),(X)
"Merced County, California!!Households!!Margin of Error",±674,±0.7,±0.6,±0.8,±1.0,±1.1,±1.2,±1.1,±1.0,±0.7,±0.5,"±1,698","±2,697",,(X),(X),(X)
"Merced County, California!!Families!!Estimate","61,928",5.40%,4.00%,7.50%,8.70%,12.90%,19.50%,14.80%,15.70%,5.80%,5.60%,"64,175","85,164",,(X),46.90%,(X)
"Merced County, California!!Families!!Margin of Error","±1,079",±0.7,±0.9,±0.9,±0.9,±1.2,±1.4,±1.1,±1.2,±0.8,±0.6,"±1,913","±3,280",,(X),(X),(X)
"Merced County, California!!Married-couple families!!Estimate","39,912",2.20%,1.70%,5.70%,6.50%,11.00%,20.20%,16.60%,20.20%,8.00%,8.00%,"77,637","103,735",,(X),(X),(X)
"Merced County, California!!Married-couple families!!Margin of Error","±1,259",±0.6,±0.5,±1.0,±1.1,±1.3,±1.7,±1.5,±1.5,±1.1,±1.0,"±1,761","±4,729",,(X),(X),(X)
"Merced County, California!!Nonfamily households!!Estimate","19,690",12.00%,10.00%,14.00%,12.80%,15.80%,15.60%,6.80%,8.40%,2.10%,2.50%,"36,048","51,371",,(X),(X),35.80%
"Merced County, California!!Nonfamily households!!Margin of Error","±1,018",±2.4,±1.8,±2.2,±2.3,±2.6,±2.3,±1.4,±1.8,±0.8,±1.0,"±3,014","±3,678",,(X),(X),(X)
"Modoc County, California!!Households!!Estimate","3,413",5.50%,2.70%,12.30%,15.90%,11.70%,21.90%,14.20%,11.10%,2.20%,2.50%,"51,090","61,796",,38.30%,(X),(X)
"Modoc County, California!!Households!!Margin of Error",±244,±2.2,±1.3,±4.1,±4.7,±3.4,±4.5,±4.2,±3.1,±1.1,±1.6,"±4,051","±5,590",,(X),(X),(X)
"Modoc County, California!!Families!!Estimate","2,216",2.50%,0.80%,9.10%,14.80%,13.20%,26.10%,16.20%,11.40%,3.10%,2.90%,"56,225","69,326",,(X),40.30%,(X)
"Modoc County, California!!Families!!Margin of Error",±224,±1.5,±0.8,±4.3,±6.4,±4.2,±6.4,±5.6,±4.0,±1.7,±2.4,"±6,872","±8,121",,(X),(X),(X)
"Modoc County, California!!Married-couple families!!Estimate","1,772",0.40%,1.00%,5.90%,15.80%,12.80%,25.90%,18.30%,12.40%,3.80%,3.70%,"59,962",N,,(X),(X),(X)
"Modoc County, California!!Married-couple families!!Margin of Error",±226,±0.7,±1.0,±4.0,±7.6,±4.1,±7.2,±6.0,±4.5,±2.1,±3.1,"±8,735",N,,(X),(X),(X)
"Modoc County, California!!Nonfamily households!!Estimate","1,197",13.80%,6.10%,18.50%,18.00%,9.40%,14.50%,10.60%,6.90%,0.60%,1.60%,"28,750","44,941",,(X),(X),32.40%
"Modoc County, California!!Nonfamily households!!Margin of Error",±193,±6.0,±3.6,±6.4,±7.1,±4.7,±6.1,±5.9,±4.0,±1.0,±1.2,"±4,425","±6,724",,(X),(X),(X)
"Mono County, California!!Households!!Estimate","5,361",3.20%,1.00%,7.00%,5.80%,10.30%,24.80%,21.50%,15.60%,4.30%,6.50%,"71,138","87,835",,33.00%,(X),(X)
"Mono County, California!!Households!!Margin of Error",±405,±1.7,±0.9,±3.4,±2.8,±4.1,±6.7,±5.0,±5.1,±2.2,±3.3,"±11,569","±8,433",,(X),(X),(X)
"Mono County, California!!Families!!Estimate","3,236",6.80%,0.60%,4.00%,6.90%,6.60%,19.70%,23.90%,19.40%,4.10%,8.00%,"85,375","96,124",,(X),38.10%,(X)
"Mono County, California!!Families!!Margin of Error",±404,±4.0,±0.8,±2.4,±4.3,±4.9,±6.8,±7.7,±6.8,±2.5,±4.2,"±15,640","±11,962",,(X),(X),(X)
"Mono County, California!!Married-couple families!!Estimate","2,600",3.70%,0.80%,3.90%,6.60%,5.50%,15.90%,27.20%,21.40%,5.00%,10.00%,"93,458",N,,(X),(X),(X)
"Mono County, California!!Married-couple families!!Margin of Error",±370,±3.1,±1.0,±2.9,±4.5,±5.2,±6.3,±9.3,±8.5,±3.0,±5.3,"±6,591",N,,(X),(X),(X)
"Mono County, California!!Nonfamily households!!Estimate","2,125",3.20%,1.50%,6.70%,3.50%,16.00%,33.70%,17.60%,11.60%,1.90%,4.30%,"52,994","72,386",,(X),(X),24.60%
"Mono County, California!!Nonfamily households!!Margin of Error",±431,±2.2,±1.6,±5.6,±3.1,±8.8,±12.6,±7.9,±6.6,±2.5,±3.9,"±10,487","±11,605",,(X),(X),(X)
"Monterey County, California!!Households!!Estimate","129,977",2.90%,2.50%,6.20%,7.10%,10.20%,16.40%,15.10%,18.40%,9.10%,12.10%,"82,013","110,295",,37.70%,(X),(X)
"Monterey County, California!!Households!!Margin of Error",±846,±0.3,±0.3,±0.6,±0.7,±0.6,±0.8,±0.8,±0.8,±0.5,±0.7,"±1,767","±2,201",,(X),(X),(X)
"Monterey County, California!!Families!!Estimate","94,839",2.20%,1.80%,5.20%,6.60%,10.20%,16.30%,14.50%,19.60%,10.20%,13.40%,"87,292","117,335",,(X),37.40%,(X)
"Monterey County, California!!Families!!Margin of Error","±1,404",±0.4,±0.4,±0.6,±0.7,±0.7,±0.9,±0.8,±1.0,±0.7,±0.7,"±2,406","±2,490",,(X),(X),(X)
"Monterey County, California!!Married-couple families!!Estimate","68,987",0.90%,1.00%,3.30%,4.80%,8.90%,14.40%,14.90%,22.30%,12.30%,17.20%,"102,776","134,752",,(X),(X),(X)
"Monterey County, California!!Married-couple families!!Margin of Error","±1,347",±0.3,±0.3,±0.6,±0.9,±0.8,±1.1,±1.0,±1.2,±0.8,±1.0,"±2,448","±3,123",,(X),(X),(X)
"Monterey County, California!!Nonfamily households!!Estimate","35,138",7.10%,5.90%,10.10%,10.70%,12.20%,17.30%,13.50%,12.80%,4.80%,5.60%,"55,660","77,755",,(X),(X),34.40%
"Monterey County, California!!Nonfamily households!!Margin of Error","±1,256",±1.0,±0.9,±1.2,±1.3,±1.3,±1.6,±1.6,±1.3,±0.8,±0.9,"±2,802","±3,753",,(X),(X),(X)
"Napa County, California!!Households!!Estimate","48,745",3.50%,2.50%,4.10%,6.50%,8.80%,13.00%,12.70%,18.80%,12.20%,17.90%,"97,498","136,193",,36.60%,(X),(X)
"Napa County, California!!Households!!Margin of Error",±544,±0.5,±0.5,±0.7,±1.0,±0.9,±1.0,±0.8,±1.3,±1.0,±1.2,"±3,817","±5,816",,(X),(X),(X)
"Napa County, California!!Families!!Estimate","33,449",1.70%,1.50%,2.30%,4.80%,7.30%,12.40%,13.20%,21.90%,13.90%,21.20%,"112,984","154,589",,(X),38.20%,(X)
"Napa County, California!!Families!!Margin of Error",±750,±0.5,±0.6,±0.6,±1.1,±1.1,±1.3,±1.2,±1.6,±1.3,±1.6,"±4,472","±7,807",,(X),(X),(X)
"Napa County, California!!Married-couple families!!Estimate","25,851",1.00%,1.40%,1.50%,2.30%,5.10%,11.30%,13.10%,22.80%,16.10%,25.30%,"129,644","172,688",,(X),(X),(X)
"Napa County, California!!Married-couple families!!Margin of Error",±823,±0.4,±0.6,±0.5,±0.7,±1.0,±1.3,±1.3,±1.8,±1.5,±1.9,"±4,987","±9,787",,(X),(X),(X)
"Napa County, California!!Nonfamily households!!Estimate","15,296",7.90%,5.20%,8.80%,11.30%,11.70%,14.30%,12.50%,12.40%,7.20%,8.60%,"59,220","88,681",,(X),(X),32.10%
"Napa County, California!!Nonfamily households!!Margin of Error",±764,±1.2,±1.1,±1.8,±1.7,±1.4,±1.6,±1.4,±1.7,±1.3,±1.3,"±4,780","±4,843",,(X),(X),(X)
"Nevada County, California!!Households!!Estimate","40,877",4.50%,3.80%,7.20%,8.50%,11.00%,15.10%,12.70%,16.60%,8.20%,12.40%,"74,617","103,903",,33.20%,(X),(X)
"Nevada County, California!!Households!!Margin of Error",±653,±0.8,±0.8,±1.0,±1.0,±1.3,±1.5,±1.2,±1.4,±1.2,±1.1,"±3,763","±4,245",,(X),(X),(X)
"Nevada County, California!!Families!!Estimate","25,966",2.30%,1.70%,4.10%,6.40%,8.30%,16.80%,12.60%,21.80%,10.30%,15.80%,"95,257","121,743",,(X),33.30%,(X)
"Nevada County, California!!Families!!Margin of Error",±772,±0.7,±0.6,±1.1,±1.1,±1.2,±2.0,±1.4,±1.8,±1.6,±1.5,"±4,598","±5,469",,(X),(X),(X)
"Nevada County, California!!Married-couple families!!Estimate","20,997",1.40%,1.00%,2.30%,4.10%,8.00%,16.60%,12.80%,24.10%,11.50%,18.30%,"105,909","133,037",,(X),(X),(X)
"Nevada County, California!!Married-couple families!!Margin of Error",±802,±0.6,±0.6,±0.7,±1.1,±1.4,±2.2,±1.5,±2.0,±1.8,±1.8,"±5,313","±6,514",,(X),(X),(X)
"Nevada County, California!!Nonfamily households!!Estimate","14,911",9.60%,7.90%,13.40%,13.10%,16.10%,13.40%,10.10%,7.10%,3.90%,5.40%,"40,809","67,271",,(X),(X),31.80%
"Nevada County, California!!Nonfamily households!!Margin of Error",±734,±2.0,±1.8,±2.2,±2.2,±3.0,±2.1,±1.9,±1.6,±1.0,±1.6,"±3,278","±6,319",,(X),(X),(X)
"Orange County, California!!Households!!Estimate","1,057,592",4.20%,2.60%,4.60%,5.40%,7.70%,13.20%,12.10%,19.30%,12.00%,18.90%,"100,485","134,820",,41.10%,(X),(X)
"Orange County, California!!Households!!Margin of Error","±2,642",±0.2,±0.1,±0.2,±0.2,±0.2,±0.3,±0.2,±0.3,±0.2,±0.2,±718,"±1,078",,(X),(X),(X)
"Orange County, California!!Families!!Estimate","752,397",2.70%,1.50%,3.60%,4.70%,7.20%,12.20%,11.80%,20.20%,13.60%,22.40%,"113,249","149,459",,(X),42.40%,(X)
"Orange County, California!!Families!!Margin of Error","±3,410",±0.2,±0.1,±0.2,±0.2,±0.2,±0.3,±0.3,±0.4,±0.3,±0.3,"±1,013","±1,370",,(X),(X),(X)
"Orange County, California!!Married-couple families!!Estimate","572,704",1.40%,1.00%,2.50%,3.60%,5.80%,10.90%,11.10%,20.90%,15.50%,27.30%,"132,230","168,808",,(X),(X),(X)
"Orange County, California!!Married-couple families!!Margin of Error","±3,822",±0.1,±0.1,±0.2,±0.2,±0.2,±0.3,±0.3,±0.4,±0.3,±0.4,"±1,043","±1,757",,(X),(X),(X)
"Orange County, California!!Nonfamily households!!Estimate","305,195",9.00%,5.60%,7.90%,8.10%,9.70%,16.00%,12.70%,16.00%,6.90%,8.00%,"64,571","89,388",,(X),(X),35.50%
"Orange County, California!!Nonfamily households!!Margin of Error","±3,206",±0.4,±0.3,±0.4,±0.4,±0.5,±0.6,±0.5,±0.5,±0.4,±0.4,"±1,066","±1,677",,(X),(X),(X)
"Placer County, California!!Households!!Estimate","149,714",3.70%,2.40%,4.90%,5.60%,7.60%,13.50%,12.60%,19.40%,12.50%,17.90%,"99,734","127,176",,31.30%,(X),(X)
"Placer County, California!!Households!!Margin of Error",±709,±0.5,±0.3,±0.4,±0.5,±0.5,±0.7,±0.7,±0.8,±0.6,±0.8,"±1,495","±2,076",,(X),(X),(X)
"Placer County, California!!Families!!Estimate","106,631",2.10%,1.30%,2.60%,3.80%,5.90%,11.70%,13.10%,21.70%,15.60%,22.20%,"119,457","146,452",,(X),31.60%,(X)
"Placer County, California!!Families!!Margin of Error","±1,263",±0.4,±0.3,±0.3,±0.5,±0.6,±0.7,±0.7,±0.9,±0.8,±1.0,"±2,700","±2,634",,(X),(X),(X)
"Placer County, California!!Married-couple families!!Estimate","87,121",1.30%,0.80%,1.70%,2.40%,4.40%,10.60%,12.60%,22.50%,17.60%,26.00%,"133,362","160,509",,(X),(X),(X)
"Placer County, California!!Married-couple families!!Margin of Error","±1,408",±0.3,±0.2,±0.3,±0.4,±0.4,±0.8,±0.8,±1.0,±1.0,±1.2,"±2,502","±2,917",,(X),(X),(X)
"Placer County, California!!Nonfamily households!!Estimate","43,083",8.20%,5.40%,10.80%,10.60%,12.60%,17.90%,11.40%,13.50%,4.10%,5.60%,"52,822","74,042",,(X),(X),28.70%
"Placer County, California!!Nonfamily households!!Margin of Error","±1,088",±1.3,±0.8,±1.2,±1.1,±1.2,±1.5,±1.3,±1.4,±0.6,±0.8,"±2,138","±3,745",,(X),(X),(X)
"Plumas County, California!!Households!!Estimate","8,231",5.60%,5.40%,9.20%,8.00%,15.30%,18.40%,11.70%,14.10%,5.70%,6.70%,"57,885","80,975",,45.30%,(X),(X)
"Plumas County, California!!Households!!Margin of Error",±291,±2.0,±1.4,±2.4,±2.7,±2.6,±3.2,±2.4,±2.7,±1.7,±2.3,"±4,555","±6,283",,(X),(X),(X)
"Plumas County, California!!Families!!Estimate","5,197",1.70%,3.20%,5.30%,7.90%,12.30%,20.00%,14.90%,17.60%,8.10%,9.00%,"74,696","97,754",,(X),44.90%,(X)
"Plumas County, California!!Families!!Margin of Error",±293,±1.0,±1.8,±1.8,±3.8,±3.4,±4.0,±3.4,±4.2,±2.4,±3.4,"±7,013","±9,010",,(X),(X),(X)
"Plumas County, California!!Married-couple families!!Estimate","3,935",0.90%,1.40%,3.70%,8.00%,8.20%,22.00%,15.70%,18.90%,9.80%,11.50%,"83,961",N,,(X),(X),(X)
"Plumas County, California!!Married-couple families!!Margin of Error",±305,±0.9,±1.6,±1.6,±4.8,±2.9,±5.1,±4.1,±4.7,±3.3,±4.4,"±7,849",N,,(X),(X),(X)
"Plumas County, California!!Nonfamily households!!Estimate","3,034",12.80%,9.90%,15.20%,10.00%,20.40%,14.80%,7.40%,8.00%,0.90%,0.60%,"35,982","45,062",,(X),(X),45.80%
"Plumas County, California!!Nonfamily households!!Margin of Error",±365,±5.0,±2.9,±5.0,±4.3,±5.0,±5.0,±3.2,±2.5,±0.6,±0.7,"±2,919","±3,830",,(X),(X),(X)
"Riverside County, California!!Households!!Estimate","740,506",4.80%,3.30%,7.00%,7.50%,10.60%,16.30%,13.20%,18.50%,8.90%,10.00%,"76,066","100,004",,43.90%,(X),(X)
"Riverside County, California!!Households!!Margin of Error","±2,031",±0.2,±0.2,±0.3,±0.3,±0.3,±0.4,±0.3,±0.4,±0.3,±0.3,±833,±921,,(X),(X),(X)
"Riverside County, California!!Families!!Estimate","547,202",3.00%,1.80%,5.00%,6.30%,10.20%,16.70%,14.40%,20.60%,10.40%,11.60%,"86,562","110,154",,(X),44.80%,(X)
"Riverside County, California!!Families!!Margin of Error","±3,255",±0.2,±0.2,±0.2,±0.3,±0.3,±0.4,±0.4,±0.4,±0.3,±0.4,±885,"±1,126",,(X),(X),(X)
"Riverside County, California!!Married-couple families!!Estimate","405,065",1.50%,1.00%,3.50%,4.80%,8.70%,16.20%,14.40%,23.10%,12.30%,14.50%,"99,795","124,053",,(X),(X),(X)
"Riverside County, California!!Married-couple families!!Margin of Error","±3,217",±0.1,±0.1,±0.2,±0.3,±0.3,±0.5,±0.5,±0.5,±0.5,±0.4,"±1,308","±1,479",,(X),(X),(X)
"Riverside County, California!!Nonfamily households!!Estimate","193,304",11.40%,8.20%,14.00%,11.80%,12.70%,15.00%,8.90%,10.80%,3.60%,3.60%,"39,822","62,123",,(X),(X),38.10%
"Riverside County, California!!Nonfamily households!!Margin of Error","±3,160",±0.6,±0.6,±0.7,±0.6,±0.6,±0.8,±0.4,±0.6,±0.4,±0.3,"±1,103","±1,379",,(X),(X),(X)
"Sacramento County, California!!Households!!Estimate","559,036",4.60%,4.00%,6.40%,7.10%,10.40%,16.70%,13.70%,18.20%,9.20%,9.80%,"76,422","99,141",,34.30%,(X),(X)
"Sacramento County, California!!Households!!Margin of Error","±1,538",±0.2,±0.3,±0.2,±0.3,±0.3,±0.4,±0.4,±0.4,±0.3,±0.3,±758,±927,,(X),(X),(X)
"Sacramento County, California!!Families!!Estimate","370,480",3.30%,2.20%,5.10%,6.20%,9.70%,15.80%,13.80%,20.40%,11.30%,12.40%,"88,841","111,712",,(X),36.10%,(X)
"Sacramento County, California!!Families!!Margin of Error","±2,808",±0.2,±0.2,±0.3,±0.3,±0.4,±0.5,±0.5,±0.5,±0.4,±0.4,"±1,122","±1,216",,(X),(X),(X)
"Sacramento County, California!!Married-couple families!!Estimate","257,741",1.60%,1.30%,3.40%,4.20%,7.60%,14.10%,13.80%,23.30%,14.40%,16.20%,"107,949","129,628",,(X),(X),(X)
"Sacramento County, California!!Married-couple families!!Margin of Error","±3,153",±0.2,±0.2,±0.3,±0.3,±0.4,±0.5,±0.5,±0.8,±0.5,±0.5,"±1,482","±1,544",,(X),(X),(X)
"Sacramento County, California!!Nonfamily households!!Estimate","188,556",8.30%,8.00%,10.00%,9.70%,12.20%,18.70%,12.30%,12.60%,4.30%,3.80%,"51,974","68,513",,(X),(X),28.80%
"Sacramento County, California!!Nonfamily households!!Margin of Error","±2,678",±0.5,±0.6,±0.5,±0.7,±0.6,±0.8,±0.7,±0.7,±0.4,±0.4,±902,"±1,428",,(X),(X),(X)
"San Benito County, California!!Households!!Estimate","19,144",2.10%,2.40%,3.40%,4.90%,9.30%,17.50%,12.30%,22.00%,11.90%,14.00%,"95,606","118,804",,32.10%,(X),(X)
"San Benito County, California!!Households!!Margin of Error",±201,±0.7,±0.8,±0.8,±0.9,±1.6,±2.1,±1.7,±2.2,±1.7,±1.8,"±5,887","±4,811",,(X),(X),(X)
"San Benito County, California!!Families!!Estimate","15,216",1.80%,0.80%,2.90%,5.40%,7.80%,16.60%,11.60%,23.70%,13.60%,15.70%,"105,990","126,979",,(X),33.20%,(X)
"San Benito County, California!!Families!!Margin of Error",±373,±0.7,±0.4,±0.9,±1.4,±1.6,±2.2,±1.9,±2.5,±2.1,±2.1,"±6,063","±5,166",,(X),(X),(X)
"San Benito County, California!!Married-couple families!!Estimate","11,473",0.80%,0.70%,1.60%,3.20%,5.30%,15.70%,10.70%,26.30%,16.40%,19.30%,"124,943",N,,(X),(X),(X)
"San Benito County, California!!Married-couple families!!Margin of Error",±456,±0.5,±0.6,±0.7,±1.2,±1.6,±2.5,±2.0,±3.0,±2.7,±2.6,"±7,618",N,,(X),(X),(X)
"San Benito County, California!!Nonfamily households!!Estimate","3,928",4.90%,8.80%,8.80%,6.30%,15.90%,16.20%,16.20%,14.90%,3.40%,4.60%,"58,208","71,949",,(X),(X),22.30%
"San Benito County, California!!Nonfamily households!!Margin of Error",±370,±2.0,±3.5,±2.8,±2.1,±4.8,±4.1,±4.8,±3.9,±1.6,±2.2,"±7,604","±5,902",,(X),(X),(X)
"San Bernardino County, California!!Households!!Estimate","651,743",4.60%,3.80%,7.30%,8.10%,11.10%,18.10%,13.90%,17.30%,8.40%,7.60%,"70,287","91,380",,40.30%,(X),(X)
"San Bernardino County, California!!Households!!Margin of Error","±2,010",±0.2,±0.2,±0.3,±0.3,±0.4,±0.4,±0.3,±0.4,±0.3,±0.3,±765,"±1,046",,(X),(X),(X)
"San Bernardino County, California!!Families!!Estimate","497,496",3.80%,2.30%,6.20%,7.30%,10.70%,18.10%,14.60%,19.10%,9.30%,8.70%,"77,516","98,317",,(X),41.30%,(X)
"San Bernardino County, California!!Families!!Margin of Error","±3,074",±0.3,±0.2,±0.4,±0.3,±0.5,±0.4,±0.3,±0.5,±0.3,±0.3,±808,"±1,279",,(X),(X),(X)
"San Bernardino County, California!!Married-couple families!!Estimate","338,229",1.50%,1.30%,4.00%,5.70%,9.10%,17.20%,15.30%,22.50%,11.90%,11.50%,"93,085","114,591",,(X),(X),(X)
"San Bernardino County, California!!Married-couple families!!Margin of Error","±2,918",±0.2,±0.2,±0.3,±0.3,±0.5,±0.5,±0.4,±0.6,±0.5,±0.5,"±1,138","±1,721",,(X),(X),(X)
"San Bernardino County, California!!Nonfamily households!!Estimate","154,247",10.20%,9.60%,12.70%,11.20%,13.00%,17.50%,10.10%,9.80%,3.50%,2.60%,"42,028","58,538",,(X),(X),33.10%
"San Bernardino County, California!!Nonfamily households!!Margin of Error","±2,776",±0.6,±0.7,±0.7,±0.9,±0.7,±0.8,±0.6,±0.7,±0.6,±0.4,"±1,357","±1,452",,(X),(X),(X)
"San Diego County, California!!Households!!Estimate","1,139,899",4.00%,2.90%,5.70%,6.30%,9.10%,15.00%,12.60%,18.90%,10.80%,14.70%,"88,240","118,474",,37.40%,(X),(X)
"San Diego County, California!!Households!!Margin of Error","±3,376",±0.2,±0.1,±0.2,±0.2,±0.2,±0.3,±0.3,±0.3,±0.3,±0.3,±741,±970,,(X),(X),(X)
"San Diego County, California!!Families!!Estimate","762,694",2.60%,1.50%,4.20%,5.30%,8.50%,14.20%,12.80%,20.30%,12.60%,18.00%,"101,902","133,604",,(X),38.00%,(X)
"San Diego County, California!!Families!!Margin of Error","±4,833",±0.1,±0.1,±0.2,±0.2,±0.3,±0.3,±0.3,±0.4,±0.4,±0.4,±971,"±1,196",,(X),(X),(X)
"San Diego County, California!!Married-couple families!!Estimate","571,035",1.20%,0.80%,2.80%,3.70%,6.80%,12.50%,12.50%,22.20%,14.80%,22.60%,"120,228","152,376",,(X),(X),(X)
"San Diego County, California!!Married-couple families!!Margin of Error","±5,703",±0.1,±0.1,±0.2,±0.2,±0.3,±0.4,±0.3,±0.5,±0.4,±0.5,"±1,036","±1,459",,(X),(X),(X)
"San Diego County, California!!Nonfamily households!!Estimate","377,205",7.90%,6.20%,9.40%,8.90%,10.90%,17.00%,12.20%,15.10%,6.30%,6.30%,"59,055","80,764",,(X),(X),34.10%
"San Diego County, California!!Nonfamily households!!Margin of Error","±4,076",±0.4,±0.3,±0.4,±0.4,±0.4,±0.6,±0.5,±0.4,±0.4,±0.4,"±1,047","±1,268",,(X),(X),(X)
"San Francisco County, California!!Households!!Estimate","361,222",4.50%,4.70%,4.90%,4.50%,6.00%,9.10%,8.30%,14.90%,11.70%,31.50%,"126,187","178,742",,34.70%,(X),(X)
"San Francisco County, California!!Households!!Margin of Error","±2,202",±0.3,±0.4,±0.3,±0.3,±0.3,±0.4,±0.4,±0.5,±0.4,±0.6,"±2,010","±2,672",,(X),(X),(X)
"San Francisco County, California!!Families!!Estimate","170,465",2.40%,1.60%,4.00%,4.00%,5.50%,8.90%,9.00%,15.30%,12.10%,37.10%,"147,176","210,271",,(X),37.90%,(X)
"San Francisco County, California!!Families!!Margin of Error","±2,699",±0.4,±0.2,±0.3,±0.4,±0.4,±0.6,±0.5,±0.7,±0.6,±0.8,"±2,980","±4,120",,(X),(X),(X)
"San Francisco County, California!!Married-couple families!!Estimate","129,227",1.10%,0.90%,3.30%,2.90%,4.10%,7.30%,7.80%,14.90%,12.70%,44.90%,"177,516","243,013",,(X),(X),(X)
"San Francisco County, California!!Married-couple families!!Margin of Error","±2,321",±0.2,±0.2,±0.3,±0.4,±0.5,±0.6,±0.6,±0.8,±0.7,±1.0,"±3,399","±5,251",,(X),(X),(X)
"San Francisco County, California!!Nonfamily households!!Estimate","190,757",6.70%,7.50%,5.90%,5.10%,6.40%,9.60%,7.90%,14.70%,11.00%,25.10%,"101,622","145,252",,(X),(X),30.90%
"San Francisco County, California!!Nonfamily households!!Margin of Error","±2,643",±0.6,±0.7,±0.5,±0.5,±0.5,±0.7,±0.5,±0.7,±0.6,±0.9,"±2,171","±3,327",,(X),(X),(X)
"San Joaquin County, California!!Households!!Estimate","234,662",4.90%,3.30%,7.10%,7.80%,9.80%,17.20%,13.70%,18.30%,9.00%,9.00%,"74,962","97,178",,40.40%,(X),(X)
"San Joaquin County, California!!Households!!Margin of Error",±982,±0.4,±0.3,±0.4,±0.5,±0.5,±0.6,±0.6,±0.7,±0.5,±0.4,"±1,145","±1,383",,(X),(X),(X)
"San Joaquin County, California!!Families!!Estimate","176,001",3.60%,2.00%,5.50%,7.20%,9.70%,17.40%,13.60%,20.10%,10.30%,10.60%,"82,719","106,216",,(X),41.10%,(X)
"San Joaquin County, California!!Families!!Margin of Error","±1,691",±0.4,±0.2,±0.4,±0.5,±0.6,±0.7,±0.7,±0.9,±0.6,±0.6,"±1,775","±1,813",,(X),(X),(X)
"San Joaquin County, California!!Married-couple families!!Estimate","123,027",1.60%,0.90%,3.50%,5.10%,8.10%,15.80%,14.70%,23.30%,13.00%,13.80%,"100,279","123,556",,(X),(X),(X)
"San Joaquin County, California!!Married-couple families!!Margin of Error","±2,195",±0.3,±0.2,±0.4,±0.5,±0.6,±0.8,±0.9,±1.0,±0.7,±0.8,"±1,945","±2,447",,(X),(X),(X)
"San Joaquin County, California!!Nonfamily households!!Estimate","58,661",11.20%,8.50%,13.70%,10.50%,11.50%,16.60%,11.30%,10.30%,3.50%,2.90%,"42,546","59,415",,(X),(X),34.90%
"San Joaquin County, California!!Nonfamily households!!Margin of Error","±1,551",±1.1,±0.8,±1.0,±0.9,±0.9,±1.1,±1.3,±1.1,±0.7,±0.6,"±1,886","±1,857",,(X),(X),(X)
"San Luis Obispo County, California!!Households!!Estimate","106,790",4.70%,3.10%,6.00%,7.20%,9.90%,15.30%,12.20%,19.80%,10.20%,11.70%,"82,514","107,113",,36.70%,(X),(X)
"San Luis Obispo County, California!!Households!!Margin of Error","±1,211",±0.5,±0.5,±0.6,±0.7,±0.8,±1.0,±0.8,±1.0,±0.7,±0.8,"±2,487","±2,644",,(X),(X),(X)
"San Luis Obispo County, California!!Families!!Estimate","67,765",2.80%,1.30%,2.80%,5.20%,8.10%,13.90%,13.40%,23.70%,13.30%,15.40%,"103,670","126,264",,(X),36.70%,(X)
"San Luis Obispo County, California!!Families!!Margin of Error","±1,249",±0.5,±0.3,±0.5,±0.7,±0.9,±1.1,±1.1,±1.3,±1.0,±1.1,"±2,324","±3,280",,(X),(X),(X)
"San Luis Obispo County, California!!Married-couple families!!Estimate","53,561",1.40%,0.60%,1.70%,3.80%,6.60%,12.90%,13.10%,25.50%,15.60%,18.70%,"116,792","140,375",,(X),(X),(X)
"San Luis Obispo County, California!!Married-couple families!!Margin of Error","±1,146",±0.4,±0.2,±0.4,±0.7,±0.9,±1.2,±1.3,±1.5,±1.2,±1.3,"±2,807","±3,376",,(X),(X),(X)
"San Luis Obispo County, California!!Nonfamily households!!Estimate","39,025",9.00%,6.60%,12.30%,11.40%,13.20%,17.60%,10.20%,11.90%,3.80%,4.00%,"47,012","67,637",,(X),(X),34.90%
"San Luis Obispo County, California!!Nonfamily households!!Margin of Error","±1,184",±1.2,±1.2,±1.4,±1.4,±1.3,±1.7,±1.3,±1.4,±0.9,±0.8,"±2,693","±3,614",,(X),(X),(X)
"San Mateo County, California!!Households!!Estimate","264,892",2.60%,1.90%,3.60%,3.70%,5.80%,9.70%,9.60%,16.90%,12.70%,33.30%,"136,837","196,442",,34.20%,(X),(X)
"San Mateo County, California!!Households!!Margin of Error","±1,199",±0.3,±0.2,±0.3,±0.3,±0.4,±0.5,±0.4,±0.6,±0.4,±0.7,"±2,151","±3,177",,(X),(X),(X)
"San Mateo County, California!!Families!!Estimate","184,935",1.60%,0.80%,2.30%,3.10%,4.70%,8.60%,9.30%,16.70%,13.30%,39.40%,"159,133","222,523",,(X),35.70%,(X)
"San Mateo County, California!!Families!!Margin of Error","±1,961",±0.2,±0.1,±0.3,±0.3,±0.4,±0.6,±0.5,±0.8,±0.5,±0.9,"±3,581","±3,786",,(X),(X),(X)
"San Mateo County, California!!Married-couple families!!Estimate","146,786",1.00%,0.50%,1.70%,2.10%,3.50%,7.30%,8.00%,15.80%,14.10%,46.00%,"184,892","250,067",,(X),(X),(X)
"San Mateo County, California!!Married-couple families!!Margin of Error","±1,890",±0.2,±0.1,±0.3,±0.3,±0.4,±0.6,±0.5,±0.8,±0.6,±1.0,"±4,555","±4,323",,(X),(X),(X)
"San Mateo County, California!!Nonfamily households!!Estimate","79,957",5.60%,5.00%,7.00%,6.10%,9.00%,13.10%,10.40%,17.40%,10.50%,16.00%,"83,521","124,708",,(X),(X),28.40%
"San Mateo County, California!!Nonfamily households!!Margin of Error","±1,728",±0.7,±0.6,±0.7,±0.6,±0.8,±0.9,±0.7,±1.0,±0.8,±1.1,"±1,945","±5,638",,(X),(X),(X)
"Santa Barbara County, California!!Households!!Estimate","147,446",4.60%,3.30%,5.60%,5.60%,10.10%,15.40%,13.10%,17.60%,9.70%,14.90%,"84,356","120,192",,37.50%,(X),(X)
"Santa Barbara County, California!!Households!!Margin of Error",±845,±0.4,±0.4,±0.5,±0.5,±0.6,±0.8,±0.6,±0.7,±0.7,±0.7,"±1,598","±2,384",,(X),(X),(X)
"Santa Barbara County, California!!Families!!Estimate","96,595",2.40%,1.70%,4.50%,5.40%,9.70%,15.40%,13.00%,19.40%,11.20%,17.40%,"95,979","133,448",,(X),37.20%,(X)
"Santa Barbara County, California!!Families!!Margin of Error","±1,526",±0.4,±0.4,±0.6,±0.6,±0.8,±0.9,±0.8,±1.0,±0.8,±0.9,"±1,560","±3,050",,(X),(X),(X)
"Santa Barbara County, California!!Married-couple families!!Estimate","71,036",1.30%,0.70%,2.20%,3.30%,7.60%,14.60%,13.20%,21.70%,13.30%,22.10%,"115,559","154,934",,(X),(X),(X)
"Santa Barbara County, California!!Married-couple families!!Margin of Error","±1,581",±0.4,±0.2,±0.4,±0.5,±0.7,±1.0,±0.8,±1.2,±1.1,±1.1,"±3,253","±4,136",,(X),(X),(X)
"Santa Barbara County, California!!Nonfamily households!!Estimate","50,851",10.10%,6.70%,10.30%,8.30%,10.50%,15.70%,11.70%,12.30%,5.90%,8.60%,"56,260","85,267",,(X),(X),34.70%
"Santa Barbara County, California!!Nonfamily households!!Margin of Error","±1,397",±0.9,±1.0,±1.0,±1.0,±1.2,±1.6,±1.0,±1.1,±0.9,±1.1,"±2,889","±3,306",,(X),(X),(X)
"Santa Clara County, California!!Households!!Estimate","646,847",2.80%,2.10%,3.60%,3.70%,5.40%,9.60%,9.10%,16.60%,13.30%,33.90%,"140,258","189,352",,32.20%,(X),(X)
"Santa Clara County, California!!Households!!Margin of Error","±2,058",±0.2,±0.1,±0.2,±0.2,±0.2,±0.3,±0.3,±0.4,±0.3,±0.4,"±1,577","±1,670",,(X),(X),(X)
"Santa Clara County, California!!Families!!Estimate","460,297",1.60%,0.90%,2.70%,2.70%,4.80%,8.90%,8.90%,16.50%,14.10%,38.90%,"159,872","210,999",,(X),33.10%,(X)
"Santa Clara County, California!!Families!!Margin of Error","±3,046",±0.1,±0.1,±0.2,±0.2,±0.2,±0.4,±0.3,±0.5,±0.4,±0.5,"±1,741","±2,014",,(X),(X),(X)
"Santa Clara County, California!!Married-couple families!!Estimate","363,040",0.80%,0.60%,2.00%,1.80%,3.30%,6.90%,7.50%,16.00%,15.10%,45.90%,"185,055","237,996",,(X),(X),(X)
"Santa Clara County, California!!Married-couple families!!Margin of Error","±3,558",±0.1,±0.1,±0.2,±0.1,±0.2,±0.4,±0.3,±0.5,±0.4,±0.6,"±2,289","±2,413",,(X),(X),(X)
"Santa Clara County, California!!Nonfamily households!!Estimate","186,550",6.60%,5.10%,6.30%,6.50%,7.90%,12.00%,10.10%,16.40%,10.70%,18.60%,"88,090","125,413",,(X),(X),28.00%
"Santa Clara County, California!!Nonfamily households!!Margin of Error","±2,656",±0.5,±0.4,±0.5,±0.4,±0.4,±0.7,±0.6,±0.8,±0.6,±0.7,"±2,127","±2,183",,(X),(X),(X)
"Santa Cruz County, California!!Households!!Estimate","96,476",4.10%,2.70%,5.90%,5.50%,7.70%,13.20%,12.40%,17.00%,11.70%,19.80%,"96,093","133,176",,35.80%,(X),(X)
"Santa Cruz County, California!!Households!!Margin of Error",±987,±0.5,±0.4,±0.7,±0.6,±0.7,±0.9,±0.9,±0.9,±0.9,±1.0,"±2,903","±2,709",,(X),(X),(X)
"Santa Cruz County, California!!Families!!Estimate","61,187",2.00%,1.00%,4.20%,3.40%,7.00%,12.00%,12.90%,18.60%,14.60%,24.30%,"118,979","153,708",,(X),36.30%,(X)
"Santa Cruz County, California!!Families!!Margin of Error","±1,122",±0.6,±0.3,±0.9,±0.6,±0.8,±1.2,±1.1,±1.2,±1.2,±1.4,"±4,912","±4,296",,(X),(X),(X)
"Santa Cruz County, California!!Married-couple families!!Estimate","47,067",1.20%,0.30%,2.50%,2.50%,5.70%,10.10%,12.10%,20.10%,16.20%,29.20%,"138,480","172,492",,(X),(X),(X)
"Santa Cruz County, California!!Married-couple families!!Margin of Error","±1,398",±0.5,±0.2,±0.8,±0.6,±0.8,±1.2,±1.3,±1.5,±1.3,±1.7,"±4,617","±5,425",,(X),(X),(X)
"Santa Cruz County, California!!Nonfamily households!!Estimate","35,289",8.20%,5.90%,9.90%,9.50%,10.20%,16.20%,10.70%,13.10%,7.20%,8.90%,"59,288","87,918",,(X),(X),32.20%
"Santa Cruz County, California!!Nonfamily households!!Margin of Error","±1,315",±1.1,±1.1,±1.4,±1.4,±1.4,±1.6,±1.5,±1.5,±1.4,±1.1,"±4,479","±4,294",,(X),(X),(X)
"Shasta County, California!!Households!!Estimate","71,314",5.20%,5.40%,8.90%,8.70%,12.90%,17.10%,13.60%,14.90%,7.10%,6.20%,"61,937","84,215",,39.30%,(X),(X)
"Shasta County, California!!Households!!Margin of Error",±640,±0.6,±0.6,±0.8,±0.8,±1.0,±1.0,±0.9,±0.9,±0.6,±0.7,"±2,140","±2,594",,(X),(X),(X)
"Shasta County, California!!Families!!Estimate","46,675",3.50%,1.90%,6.10%,7.70%,12.10%,18.40%,15.70%,17.80%,9.00%,7.90%,"75,918","98,122",,(X),39.90%,(X)
"Shasta County, California!!Families!!Margin of Error",±945,±0.5,±0.5,±0.9,±1.0,±1.2,±1.4,±1.2,±1.3,±0.9,±0.9,"±3,558","±3,570",,(X),(X),(X)
"Shasta County, California!!Married-couple families!!Estimate","34,245",1.30%,0.80%,4.10%,6.30%,10.40%,17.50%,17.80%,20.40%,11.30%,10.10%,"87,935","112,503",,(X),(X),(X)
"Shasta County, California!!Married-couple families!!Margin of Error",±863,±0.4,±0.3,±0.8,±0.8,±1.2,±1.3,±1.5,±1.6,±1.2,±1.2,"±3,215","±4,441",,(X),(X),(X)
"Shasta County, California!!Nonfamily households!!Estimate","24,639",10.00%,12.70%,15.40%,11.20%,15.40%,14.60%,8.50%,7.50%,2.80%,1.90%,"35,529","51,671",,(X),(X),35.90%
"Shasta County, California!!Nonfamily households!!Margin of Error",±964,±1.6,±1.6,±1.6,±1.6,±1.8,±1.6,±1.4,±1.2,±0.8,±0.6,"±2,219","±3,124",,(X),(X),(X)
"Sierra County, California!!Households!!Estimate","1,151",3.60%,8.30%,7.60%,9.30%,13.40%,18.90%,14.00%,12.40%,7.60%,5.00%,"56,152","79,957",,52.00%,(X),(X)
"Sierra County, California!!Households!!Margin of Error",±153,±3.4,±6.2,±4.7,±5.8,±9.2,±7.4,±6.7,±5.2,±6.1,±4.3,"±7,184","±15,187",,(X),(X),(X)
"Sierra County, California!!Families!!Estimate",728,0.00%,0.80%,5.80%,4.10%,13.50%,27.70%,12.80%,15.90%,12.00%,7.40%,"66,471","97,509",,(X),57.10%,(X)
"Sierra County, California!!Families!!Margin of Error",±153,±5.3,±1.1,±4.5,±6.9,±7.9,±11.5,±8.2,±7.0,±8.7,±6.7,"±24,506","±14,821",,(X),(X),(X)
"Sierra County, California!!Married-couple families!!Estimate",596,0.00%,0.00%,4.20%,5.00%,10.90%,27.00%,11.20%,18.00%,14.60%,9.10%,"79,861",N,,(X),(X),(X)
"Sierra County, California!!Married-couple families!!Margin of Error",±135,±6.5,±6.5,±4.0,±8.3,±7.7,±12.7,±8.2,±8.5,±10.3,±8.2,"±37,378",N,,(X),(X),(X)
"Sierra County, California!!Nonfamily households!!Estimate",423,9.90%,21.00%,10.60%,18.20%,17.00%,7.80%,8.00%,6.40%,0.00%,0.90%,"29,323","45,667",,(X),(X),43.30%
"Sierra County, California!!Nonfamily households!!Margin of Error",±160,±9.1,±14.6,±11.5,±10.6,±18.3,±7.6,±7.4,±6.6,±9.0,±1.8,"±11,943","±19,921",,(X),(X),(X)
"Siskiyou County, California!!Households!!Estimate","18,598",7.30%,5.90%,11.60%,10.40%,14.90%,19.50%,10.10%,13.40%,4.20%,2.70%,"49,857","67,989",,38.90%,(X),(X)
"Siskiyou County, California!!Households!!Margin of Error",±345,±1.1,±1.2,±1.4,±1.3,±1.6,±2.0,±1.3,±1.5,±1.0,±0.7,"±2,637","±3,968",,(X),(X),(X)
"Siskiyou County, California!!Families!!Estimate","10,986",3.60%,2.80%,6.40%,8.90%,15.80%,23.60%,11.80%,18.70%,4.70%,3.80%,"62,037","79,854",,(X),39.20%,(X)
"Siskiyou County, California!!Families!!Margin of Error",±468,±1.0,±1.1,±1.3,±1.7,±2.1,±2.7,±1.7,±2.4,±1.3,±1.1,"±3,473","±5,788",,(X),(X),(X)
"Siskiyou County, California!!Married-couple families!!Estimate","8,291",2.10%,1.90%,3.80%,7.10%,14.10%,24.80%,13.50%,22.50%,5.70%,4.50%,"70,925","89,596",,(X),(X),(X)
"Siskiyou County, California!!Married-couple families!!Margin of Error",±441,±0.8,±1.1,±1.1,±1.6,±2.0,±3.3,±1.9,±3.0,±1.7,±1.3,"±2,818","±7,500",,(X),(X),(X)
"Siskiyou County, California!!Nonfamily households!!Estimate","7,612",13.10%,11.70%,19.50%,12.70%,13.40%,14.10%,6.80%,5.10%,2.40%,1.20%,"28,388","47,471",,(X),(X),37.00%
"Siskiyou County, California!!Nonfamily households!!Margin of Error",±474,±2.5,±2.4,±2.7,±2.1,±2.5,±2.4,±2.1,±1.5,±1.2,±1.0,"±3,045","±6,140",,(X),(X),(X)
"Solano County, California!!Households!!Estimate","153,632",3.70%,2.30%,4.90%,5.40%,9.50%,15.30%,14.30%,21.20%,11.20%,12.20%,"89,648","111,110",,36.10%,(X),(X)
"Solano County, California!!Households!!Margin of Error",±844,±0.4,±0.3,±0.4,±0.5,±0.7,±0.7,±0.6,±0.8,±0.6,±0.6,"±1,708","±2,074",,(X),(X),(X)
"Solano County, California!!Families!!Estimate","109,007",2.30%,1.20%,3.70%,4.30%,9.10%,13.40%,14.60%,23.40%,13.20%,14.80%,"102,019","123,105",,(X),37.30%,(X)
"Solano County, California!!Families!!Margin of Error","±1,413",±0.4,±0.3,±0.5,±0.5,±0.7,±0.8,±0.8,±0.9,±0.7,±0.7,"±1,713","±2,410",,(X),(X),(X)
"Solano County, California!!Married-couple families!!Estimate","78,581",1.30%,0.70%,1.90%,3.00%,7.00%,11.60%,14.30%,25.30%,16.10%,18.80%,"117,264","138,639",,(X),(X),(X)
"Solano County, California!!Married-couple families!!Margin of Error","±1,499",±0.4,±0.2,±0.3,±0.5,±0.7,±0.9,±1.1,±1.2,±0.9,±1.0,"±2,426","±2,886",,(X),(X),(X)
"Solano County, California!!Nonfamily households!!Estimate","44,625",7.90%,5.50%,8.90%,8.50%,12.70%,20.60%,13.80%,14.30%,4.50%,3.30%,"56,234","70,223",,(X),(X),31.20%
"Solano County, California!!Nonfamily households!!Margin of Error","±1,388",±0.9,±0.9,±0.7,±1.0,±1.3,±1.7,±1.2,±1.4,±0.8,±0.6,"±1,893","±2,349",,(X),(X),(X)
"Sonoma County, California!!Households!!Estimate","188,841",3.70%,2.80%,5.00%,5.90%,9.00%,14.30%,13.40%,19.60%,11.80%,14.50%,"91,607","121,206",,33.90%,(X),(X)
"Sonoma County, California!!Households!!Margin of Error",±973,±0.3,±0.3,±0.4,±0.4,±0.6,±0.6,±0.5,±0.6,±0.5,±0.6,"±1,792","±2,402",,(X),(X),(X)
"Sonoma County, California!!Families!!Estimate","120,317",2.10%,1.20%,2.70%,4.30%,7.20%,13.30%,14.30%,22.50%,14.10%,18.30%,"109,419","139,773",,(X),34.80%,(X)
"Sonoma County, California!!Families!!Margin of Error","±1,531",±0.3,±0.3,±0.4,±0.4,±0.7,±0.7,±0.8,±0.9,±0.7,±0.8,"±2,317","±2,923",,(X),(X),(X)
"Sonoma County, California!!Married-couple families!!Estimate","91,908",1.00%,0.50%,1.80%,2.90%,5.70%,11.50%,13.70%,24.40%,16.30%,22.20%,"126,098","156,947",,(X),(X),(X)
"Sonoma County, California!!Married-couple families!!Margin of Error","±1,513",±0.3,±0.2,±0.4,±0.3,±0.7,±0.8,±0.8,±1.0,±0.8,±1.0,"±2,924","±3,690",,(X),(X),(X)
"Sonoma County, California!!Nonfamily households!!Estimate","68,524",7.20%,6.00%,9.50%,9.70%,12.60%,17.10%,11.30%,14.00%,6.20%,6.30%,"56,647","81,443",,(X),(X),30.30%
"Sonoma County, California!!Nonfamily households!!Margin of Error","±1,528",±0.7,±0.8,±0.9,±0.8,±1.2,±1.2,±0.8,±1.1,±0.6,±0.9,"±1,885","±3,896",,(X),(X),(X)
"Stanislaus County, California!!Households!!Estimate","175,067",4.10%,4.10%,7.40%,8.10%,12.50%,18.10%,13.70%,17.10%,7.90%,6.90%,"68,368","89,007",,41.60%,(X),(X)
"Stanislaus County, California!!Households!!Margin of Error",±752,±0.4,±0.4,±0.6,±0.5,±0.8,±0.7,±0.7,±0.7,±0.6,±0.5,"±1,506","±1,617",,(X),(X),(X)
"Stanislaus County, California!!Families!!Estimate","130,428",3.50%,2.10%,5.90%,7.40%,12.70%,18.20%,14.20%,18.70%,9.20%,8.10%,"75,348","96,834",,(X),42.40%,(X)
"Stanislaus County, California!!Families!!Margin of Error","±1,434",±0.4,±0.3,±0.6,±0.7,±1.0,±0.8,±0.8,±0.8,±0.8,±0.6,"±1,828","±2,027",,(X),(X),(X)
"Stanislaus County, California!!Married-couple families!!Estimate","90,944",1.70%,1.20%,3.90%,5.70%,10.60%,17.30%,15.20%,21.80%,11.70%,10.90%,"90,553","111,787",,(X),(X),(X)
"Stanislaus County, California!!Married-couple families!!Margin of Error","±1,672",±0.3,±0.3,±0.5,±0.7,±1.1,±1.1,±1.0,±1.0,±1.0,±0.9,"±2,368","±2,452",,(X),(X),(X)
"Stanislaus County, California!!Nonfamily households!!Estimate","44,639",8.30%,10.60%,13.80%,11.00%,13.30%,17.60%,9.50%,10.20%,3.00%,2.70%,"41,637","57,979",,(X),(X),36.30%
"Stanislaus County, California!!Nonfamily households!!Margin of Error","±1,452",±1.0,±1.5,±1.3,±1.2,±1.3,±1.6,±1.0,±1.1,±0.7,±0.7,"±2,148","±2,227",,(X),(X),(X)
"Sutter County, California!!Households!!Estimate","32,703",4.40%,4.20%,6.90%,7.30%,13.60%,18.10%,14.20%,16.70%,6.50%,8.00%,"67,003","91,829",,35.60%,(X),(X)
"Sutter County, California!!Households!!Margin of Error",±347,±0.7,±0.8,±1.2,±0.9,±1.4,±1.6,±1.2,±1.5,±0.9,±1.1,"±2,559","±4,551",,(X),(X),(X)
"Sutter County, California!!Families!!Estimate","23,430",3.60%,2.70%,4.90%,5.70%,11.60%,19.90%,14.70%,19.10%,8.10%,9.70%,"77,580","103,399",,(X),35.60%,(X)
"Sutter County, California!!Families!!Margin of Error",±662,±0.8,±0.8,±1.3,±1.2,±1.5,±2.4,±1.5,±1.7,±1.1,±1.4,"±3,427","±6,109",,(X),(X),(X)
"Sutter County, California!!Married-couple families!!Estimate","16,701",1.20%,1.80%,3.50%,4.50%,8.80%,20.60%,15.00%,21.90%,9.90%,12.70%,"90,193","117,926",,(X),(X),(X)
"Sutter County, California!!Married-couple families!!Margin of Error",±686,±0.5,±0.8,±1.3,±1.0,±1.6,±2.6,±2.1,±2.1,±1.5,±2.0,"±5,905","±7,364",,(X),(X),(X)
"Sutter County, California!!Nonfamily households!!Estimate","9,273",8.00%,9.00%,12.90%,12.30%,17.50%,15.00%,12.10%,8.40%,2.30%,2.50%,"41,989","56,673",,(X),(X),33.80%
"Sutter County, California!!Nonfamily households!!Margin of Error",±559,±1.9,±1.8,±2.3,±2.2,±3.5,±2.4,±2.4,±2.2,±1.0,±1.3,"±2,570","±4,863",,(X),(X),(X)
"Tehama County, California!!Households!!Estimate","24,551",6.50%,7.60%,9.50%,11.10%,12.90%,17.40%,11.80%,13.40%,4.90%,4.80%,"52,901","79,138",,33.90%,(X),(X)
"Tehama County, California!!Households!!Margin of Error",±399,±1.3,±1.2,±1.7,±1.8,±1.5,±2.0,±2.0,±1.8,±1.0,±1.2,"±3,393","±13,465",,(X),(X),(X)
"Tehama County, California!!Families!!Estimate","16,593",4.60%,3.10%,7.10%,8.80%,14.20%,19.60%,13.70%,16.50%,6.10%,6.40%,"65,819","94,537",,(X),31.90%,(X)
"Tehama County, California!!Families!!Margin of Error",±650,±1.5,±1.0,±1.8,±2.2,±1.9,±2.8,±2.5,±2.4,±1.5,±1.7,"±2,801","±19,401",,(X),(X),(X)
"Tehama County, California!!Married-couple families!!Estimate","11,466",2.00%,1.50%,3.70%,6.80%,12.50%,19.70%,17.10%,20.40%,8.00%,8.20%,"79,934","112,942",,(X),(X),(X)
"Tehama County, California!!Married-couple families!!Margin of Error",±678,±1.2,±0.8,±1.4,±2.6,±2.3,±3.2,±3.3,±3.2,±2.1,±2.2,"±5,375","±27,361",,(X),(X),(X)
"Tehama County, California!!Nonfamily households!!Estimate","7,958",14.00%,17.00%,15.70%,14.30%,10.70%,13.00%,5.80%,6.00%,2.60%,1.00%,"26,683","42,567",,(X),(X),34.40%
"Tehama County, California!!Nonfamily households!!Margin of Error",±657,±3.2,±3.1,±3.4,±3.6,±2.3,±2.7,±1.9,±2.5,±1.9,±0.8,"±2,183","±5,259",,(X),(X),(X)
"Trinity County, California!!Households!!Estimate","5,492",9.20%,4.50%,15.20%,11.80%,16.40%,19.30%,6.40%,8.70%,3.80%,4.60%,"42,206","62,784",,40.80%,(X),(X)
"Trinity County, California!!Households!!Margin of Error",±221,±3.0,±2.2,±4.4,±3.6,±3.4,±4.0,±2.3,±2.8,±1.7,±2.2,"±3,065","±7,117",,(X),(X),(X)
"Trinity County, California!!Families!!Estimate","2,829",6.90%,1.20%,13.50%,7.70%,16.40%,20.00%,8.80%,12.50%,7.90%,5.00%,"53,850","79,186",,(X),48.60%,(X)
"Trinity County, California!!Families!!Margin of Error",±292,±3.4,±1.3,±5.6,±3.4,±4.8,±5.7,±4.0,±4.2,±3.8,±2.9,"±6,612","±10,358",,(X),(X),(X)
"Trinity County, California!!Married-couple families!!Estimate","2,153",2.90%,0.10%,9.90%,8.40%,17.70%,19.10%,10.80%,16.00%,9.10%,6.00%,"63,934",N,,(X),(X),(X)
"Trinity County, California!!Married-couple families!!Margin of Error",±283,±2.4,±0.2,±6.4,±3.9,±5.8,±6.0,±5.1,±5.3,±4.3,±3.8,"±13,082",N,,(X),(X),(X)
"Trinity County, California!!Nonfamily households!!Estimate","2,663",13.30%,7.90%,18.00%,17.20%,14.80%,16.90%,3.60%,4.60%,0.40%,3.20%,"30,514","43,025",,(X),(X),32.60%
"Trinity County, California!!Nonfamily households!!Margin of Error",±265,±5.2,±4.2,±6.2,±5.4,±6.0,±5.6,±1.7,±3.2,±0.8,±3.0,"±4,189","±8,243",,(X),(X),(X)
"Tulare County, California!!Households!!Estimate","139,631",6.10%,4.50%,9.70%,9.90%,13.60%,18.60%,12.80%,13.70%,6.00%,5.10%,"57,394","77,575",,47.50%,(X),(X)
"Tulare County, California!!Households!!Margin of Error",±703,±0.5,±0.4,±0.7,±0.7,±0.9,±1.0,±0.8,±0.8,±0.6,±0.5,"±1,402","±1,834",,(X),(X),(X)
"Tulare County, California!!Families!!Estimate","108,873",5.30%,3.50%,8.40%,10.20%,14.30%,18.30%,12.90%,14.70%,6.60%,5.80%,"60,187","81,825",,(X),48.20%,(X)
"Tulare County, California!!Families!!Margin of Error","±1,416",±0.6,±0.4,±0.7,±0.9,±1.1,±1.1,±0.8,±0.9,±0.7,±0.6,"±1,751","±2,237",,(X),(X),(X)
"Tulare County, California!!Married-couple families!!Estimate","72,615",2.50%,2.30%,6.50%,8.50%,11.50%,19.20%,14.70%,17.80%,8.70%,8.20%,"74,050","97,173",,(X),(X),(X)
"Tulare County, California!!Married-couple families!!Margin of Error","±1,748",±0.4,±0.5,±1.0,±0.8,±1.2,±1.3,±1.2,±1.2,±1.0,±0.8,"±2,789","±3,125",,(X),(X),(X)
"Tulare County, California!!Nonfamily households!!Estimate","30,758",12.80%,9.10%,16.80%,11.00%,12.80%,15.60%,9.10%,7.80%,3.30%,1.70%,"35,248","52,495",,(X),(X),40.70%
"Tulare County, California!!Nonfamily households!!Margin of Error","±1,304",±1.4,±1.0,±1.7,±1.2,±1.5,±2.1,±1.3,±1.5,±1.1,±0.5,"±1,906","±2,913",,(X),(X),(X)
"Tuolumne County, California!!Households!!Estimate","23,103",3.30%,6.10%,7.70%,8.40%,12.40%,16.30%,14.50%,16.80%,7.60%,7.00%,"66,846","88,355",,36.50%,(X),(X)
"Tuolumne County, California!!Households!!Margin of Error",±533,±0.8,±1.2,±1.6,±1.6,±1.9,±2.1,±2.2,±1.9,±1.4,±1.5,"±6,779","±4,754",,(X),(X),(X)
"Tuolumne County, California!!Families!!Estimate","13,932",1.70%,2.10%,4.00%,4.90%,10.60%,16.50%,17.90%,21.10%,11.30%,9.80%,"87,073","106,551",,(X),40.00%,(X)
"Tuolumne County, California!!Families!!Margin of Error",±645,±0.9,±1.1,±1.2,±1.7,±2.0,±2.1,±2.8,±2.4,±2.1,±2.3,"±5,571","±4,507",,(X),(X),(X)
"Tuolumne County, California!!Married-couple families!!Estimate","11,143",0.90%,1.70%,2.00%,4.00%,9.90%,15.90%,19.40%,23.20%,12.10%,10.90%,"93,638","113,041",,(X),(X),(X)
"Tuolumne County, California!!Married-couple families!!Margin of Error",±592,±0.4,±1.3,±0.9,±1.8,±2.1,±2.5,±3.3,±2.7,±2.4,±2.1,"±5,481","±4,539",,(X),(X),(X)
"Tuolumne County, California!!Nonfamily households!!Estimate","9,171",6.70%,12.20%,14.30%,14.40%,14.00%,17.20%,8.20%,9.40%,1.20%,2.40%,"37,594","57,549",,(X),(X),28.90%
"Tuolumne County, California!!Nonfamily households!!Margin of Error",±722,±1.8,±2.9,±3.6,±3.2,±3.2,±3.7,±2.5,±2.8,±0.8,±1.5,"±4,110","±9,806",,(X),(X),(X)
"Ventura County, California!!Households!!Estimate","274,471",3.30%,2.40%,4.80%,6.10%,9.00%,13.70%,13.60%,19.90%,11.60%,15.70%,"94,150","123,929",,40.70%,(X),(X)
"Ventura County, California!!Households!!Margin of Error",±963,±0.3,±0.2,±0.3,±0.3,±0.5,±0.5,±0.5,±0.6,±0.5,±0.5,"±1,310","±1,731",,(X),(X),(X)
"Ventura County, California!!Families!!Estimate","197,316",2.20%,1.30%,3.20%,5.20%,8.40%,12.90%,13.40%,21.30%,13.50%,18.70%,"106,425","137,769",,(X),40.20%,(X)
"Ventura County, California!!Families!!Margin of Error","±1,944",±0.3,±0.2,±0.3,±0.4,±0.5,±0.6,±0.7,±0.7,±0.6,±0.7,"±1,565","±2,048",,(X),(X),(X)
"Ventura County, California!!Married-couple families!!Estimate","149,208",0.90%,0.80%,1.80%,3.70%,6.30%,11.30%,13.50%,22.90%,15.70%,22.90%,"122,545","155,438",,(X),(X),(X)
"Ventura County, California!!Married-couple families!!Margin of Error","±2,350",±0.2,±0.2,±0.3,±0.4,±0.5,±0.7,±0.7,±0.7,±0.7,±0.8,"±1,829","±2,479",,(X),(X),(X)
"Ventura County, California!!Nonfamily households!!Estimate","77,155",7.50%,5.60%,10.00%,9.80%,11.50%,15.70%,13.70%,14.80%,5.60%,5.90%,"58,121","79,330",,(X),(X),38.60%
"Ventura County, California!!Nonfamily households!!Margin of Error","±1,702",±0.7,±0.6,±0.9,±0.7,±1.2,±1.1,±1.0,±1.1,±0.6,±0.7,"±2,743","±2,308",,(X),(X),(X)
"Yolo County, California!!Households!!Estimate","75,471",7.00%,4.40%,6.10%,6.50%,8.20%,15.50%,12.40%,16.50%,10.00%,13.20%,"78,386","109,841",,33.50%,(X),(X)
"Yolo County, California!!Households!!Margin of Error",±570,±0.6,±0.6,±0.6,±0.9,±0.8,±1.1,±0.9,±0.9,±0.8,±0.8,"±1,935","±3,823",,(X),(X),(X)
"Yolo County, California!!Families!!Estimate","48,083",2.90%,1.90%,4.20%,5.10%,7.80%,13.40%,13.50%,20.10%,13.30%,17.80%,"102,595","134,212",,(X),32.00%,(X)
"Yolo County, California!!Families!!Margin of Error",±988,±0.6,±0.5,±0.7,±1.1,±1.2,±1.3,±1.4,±1.5,±1.0,±1.1,"±3,526","±5,387",,(X),(X),(X)
"Yolo County, California!!Married-couple families!!Estimate","36,278",1.70%,0.70%,2.50%,3.60%,5.80%,12.70%,13.90%,21.70%,15.40%,22.00%,"118,620","151,514",,(X),(X),(X)
"Yolo County, California!!Married-couple families!!Margin of Error","±1,040",±0.5,±0.3,±0.7,±0.9,±1.0,±1.4,±1.6,±1.6,±1.2,±1.5,"±3,712","±6,484",,(X),(X),(X)
"Yolo County, California!!Nonfamily households!!Estimate","27,388",14.90%,9.30%,10.30%,9.90%,10.20%,17.70%,10.50%,10.00%,3.70%,3.50%,"42,608","60,843",,(X),(X),34.90%
"Yolo County, California!!Nonfamily households!!Margin of Error",±998,±1.6,±1.6,±1.4,±1.5,±1.5,±1.8,±1.3,±1.2,±0.7,±0.8,"±3,016","±2,971",,(X),(X),(X)
"Yuba County, California!!Households!!Estimate","26,888",6.10%,5.20%,8.70%,8.20%,12.30%,17.70%,13.20%,17.40%,7.50%,3.80%,"62,666","77,817",,37.00%,(X),(X)
"Yuba County, California!!Households!!Margin of Error",±492,±1.3,±1.1,±1.2,±1.5,±1.9,±2.0,±2.0,±1.8,±1.4,±0.9,"±3,347","±3,433",,(X),(X),(X)
"Yuba County, California!!Families!!Estimate","18,783",4.50%,3.00%,6.10%,7.70%,13.10%,17.80%,15.90%,18.70%,8.90%,4.30%,"71,561","85,955",,(X),36.40%,(X)
"Yuba County, California!!Families!!Margin of Error",±717,±1.3,±1.0,±1.1,±1.6,±2.3,±2.4,±2.0,±2.5,±1.6,±1.0,"±4,623","±4,527",,(X),(X),(X)
"Yuba County, California!!Married-couple families!!Estimate","13,025",1.40%,1.30%,5.10%,6.70%,13.00%,16.00%,16.20%,23.30%,10.90%,6.10%,"84,523","99,458",,(X),(X),(X)
"Yuba County, California!!Married-couple families!!Margin of Error",±736,±0.9,±0.7,±1.4,±1.7,±2.7,±2.7,±2.5,±3.4,±2.1,±1.5,"±5,505","±5,623",,(X),(X),(X)
"Yuba County, California!!Nonfamily households!!Estimate","8,105",10.60%,11.90%,16.30%,10.30%,11.30%,17.60%,9.20%,8.30%,2.90%,1.60%,"36,160","49,752",,(X),(X),35.50%
"Yuba County, California!!Nonfamily households!!Margin of Error",±766,±3.3,±3.0,±3.3,±3.0,±2.8,±4.1,±3.8,±2.3,±2.1,±1.1,"±7,344","±4,629",,(X),(X),(X)
